Year,ID,Block,plotID,Line,MonoPoly,Density,hole,LeafLen
2021,1,1,1,Bg-2,Mono,Low,62,22
2021,2,1,1,Bg-2,Mono,Low,66,23
2021,3,1,1,Bg-2,Mono,Low,67,22
2021,4,1,1,Bg-2,Mono,Low,38,23
2021,5,1,1,Bg-2,Mono,Low,62,31
2021,6,1,1,Bg-2,Mono,Low,45,25
2021,7,1,1,Bg-2,Mono,Low,57,26
2021,8,1,1,Bg-2,Mono,Low,85,30
2021,9,1,1,Bg-2,Mono,Low,72,35
2021,10,1,1,Bg-2,Mono,Low,80,30
2021,11,1,1,Bg-2,Mono,Low,60,30
2021,12,1,1,Bg-2,Mono,Low,60,34
2021,13,1,1,Bg-2,Mono,Low,84,35
2021,14,1,1,Bg-2,Mono,Low,103,29
2021,15,1,1,Bg-2,Mono,Low,97,34
2021,16,1,1,Bg-2,Mono,Low,84,26
2021,17,1,2,Uod-1,Poly,Low,64,31
2021,18,1,2,Bg-2,Poly,Low,29,26
2021,19,1,2,Uod-1,Poly,Low,44,30
2021,20,1,2,Bg-2,Poly,Low,34,24
2021,21,1,2,Bg-2,Poly,Low,42,20
2021,22,1,2,Uod-1,Poly,Low,25,31
2021,23,1,2,Bg-2,Poly,Low,22,30
2021,24,1,2,Uod-1,Poly,Low,21,31
2021,25,1,2,Uod-1,Poly,Low,53,30
2021,26,1,2,Bg-2,Poly,Low,14,27
2021,27,1,2,Uod-1,Poly,Low,32,31
2021,28,1,2,Bg-2,Poly,Low,43,28
2021,29,1,2,Bg-2,Poly,Low,38,26
2021,30,1,2,Uod-1,Poly,Low,57,30
2021,31,1,2,Bg-2,Poly,Low,21,30
2021,32,1,2,Uod-1,Poly,Low,43,35
2021,33,1,3,Uod-1,Mono,Low,54,24
2021,34,1,3,Uod-1,Mono,Low,57,36
2021,35,1,3,Uod-1,Mono,Low,32,31
2021,36,1,3,Uod-1,Mono,Low,50,31
2021,37,1,3,Uod-1,Mono,Low,32,30
2021,38,1,3,Uod-1,Mono,Low,38,40
2021,39,1,3,Uod-1,Mono,Low,38,29
2021,40,1,3,Uod-1,Mono,Low,59,35
2021,41,1,3,Uod-1,Mono,Low,61,39
2021,42,1,3,Uod-1,Mono,Low,40,32
2021,43,1,3,Uod-1,Mono,Low,40,38
2021,44,1,3,Uod-1,Mono,Low,51,29
2021,45,1,3,Uod-1,Mono,Low,43,32
2021,46,1,3,Uod-1,Mono,Low,52,30
2021,47,1,3,Uod-1,Mono,Low,52,31
2021,48,1,3,Uod-1,Mono,Low,43,30
2021,49,1,4,Vastervik,Mono,Low,27,26
2021,50,1,4,Vastervik,Mono,Low,40,30
2021,51,1,4,Vastervik,Mono,Low,21,25
2021,52,1,4,Vastervik,Mono,Low,39,26
2021,53,1,4,Vastervik,Mono,Low,25,28
2021,54,1,4,Vastervik,Mono,Low,8,24
2021,55,1,4,Vastervik,Mono,Low,12,25
2021,56,1,4,Vastervik,Mono,Low,19,30
2021,57,1,4,Vastervik,Mono,Low,15,29
2021,58,1,4,Vastervik,Mono,Low,17,25
2021,59,1,4,Vastervik,Mono,Low,19,24
2021,60,1,4,Vastervik,Mono,Low,21,25
2021,61,1,4,Vastervik,Mono,Low,14,24
2021,62,1,4,Vastervik,Mono,Low,26,22
2021,63,1,4,Vastervik,Mono,Low,21,27
2021,64,1,4,Vastervik,Mono,Low,46,26
2021,65,1,5,Jm-0,Poly,Low,38,29
2021,66,1,5,Vastervik,Poly,Low,19,25
2021,67,1,5,Jm-0,Poly,Low,17,27
2021,68,1,5,Vastervik,Poly,Low,27,25
2021,69,1,5,Vastervik,Poly,Low,23,24
2021,70,1,5,Jm-0,Poly,Low,23,35
2021,71,1,5,Vastervik,Poly,Low,7,30
2021,72,1,5,Jm-0,Poly,Low,16,31
2021,73,1,5,Jm-0,Poly,Low,33,30
2021,74,1,5,Vastervik,Poly,Low,12,30
2021,75,1,5,Jm-0,Poly,Low,8,29
2021,76,1,5,Vastervik,Poly,Low,7,31
2021,77,1,5,Vastervik,Poly,Low,20,30
2021,78,1,5,Jm-0,Poly,Low,31,33
2021,79,1,5,Vastervik,Poly,Low,13,30
2021,80,1,5,Jm-0,Poly,Low,19,34
2021,81,1,6,Jm-0,Mono,Low,43,25
2021,82,1,6,Jm-0,Mono,Low,36,27
2021,83,1,6,Jm-0,Mono,Low,37,29
2021,84,1,6,Jm-0,Mono,Low,35,26
2021,85,1,6,Jm-0,Mono,Low,31,28
2021,86,1,6,Jm-0,Mono,Low,28,26
2021,87,1,6,Jm-0,Mono,Low,30,35
2021,88,1,6,Jm-0,Mono,Low,30,30
2021,89,1,6,Jm-0,Mono,Low,33,28
2021,90,1,6,Jm-0,Mono,Low,19,24
2021,91,1,6,Jm-0,Mono,Low,22,22
2021,92,1,6,Jm-0,Mono,Low,18,24
2021,93,1,6,Jm-0,Mono,Low,40,38
2021,94,1,6,Jm-0,Mono,Low,24,27
2021,95,1,6,Jm-0,Mono,Low,32,27
2021,96,1,6,Jm-0,Mono,Low,36,24
2021,97,1,7,Bla-1,Mono,Low,31,40
2021,98,1,7,Bla-1,Mono,Low,24,30
2021,99,1,7,Bla-1,Mono,Low,17,36
2021,100,1,7,Bla-1,Mono,Low,47,28
2021,101,1,7,Bla-1,Mono,Low,29,35
2021,102,1,7,Bla-1,Mono,Low,24,32
2021,103,1,7,Bla-1,Mono,Low,33,31
2021,104,1,7,Bla-1,Mono,Low,24,31
2021,105,1,7,Bla-1,Mono,Low,30,33
2021,106,1,7,Bla-1,Mono,Low,17,32
2021,107,1,7,Bla-1,Mono,Low,19,37
2021,108,1,7,Bla-1,Mono,Low,19,32
2021,109,1,7,Bla-1,Mono,Low,47,42
2021,110,1,7,Bla-1,Mono,Low,31,35
2021,111,1,7,Bla-1,Mono,Low,30,33
2021,112,1,7,Bla-1,Mono,Low,23,34
2021,113,1,8,Bro1-6,Poly,Low,15,33
2021,114,1,8,Bla-1,Poly,Low,23,35
2021,115,1,8,Bro1-6,Poly,Low,28,34
2021,116,1,8,Bla-1,Poly,Low,31,26
2021,117,1,8,Bla-1,Poly,Low,26,39
2021,118,1,8,Bro1-6,Poly,Low,21,38
2021,119,1,8,Bla-1,Poly,Low,19,33
2021,120,1,8,Bro1-6,Poly,Low,26,34
2021,121,1,8,Bro1-6,Poly,Low,20,35
2021,122,1,8,Bla-1,Poly,Low,18,32
2021,123,1,8,Bro1-6,Poly,Low,29,33
2021,124,1,8,Bla-1,Poly,Low,31,30
2021,125,1,8,Bla-1,Poly,Low,28,40
2021,126,1,8,Bro1-6,Poly,Low,21,28
2021,127,1,8,Bla-1,Poly,Low,35,38
2021,128,1,8,Bro1-6,Poly,Low,30,32
2021,129,1,9,Bro1-6,Mono,Low,21,33
2021,130,1,9,Bro1-6,Mono,Low,25,36
2021,131,1,9,Bro1-6,Mono,Low,18,30
2021,132,1,9,Bro1-6,Mono,Low,25,31
2021,133,1,9,Bro1-6,Mono,Low,26,34
2021,134,1,9,Bro1-6,Mono,Low,28,31
2021,135,1,9,Bro1-6,Mono,Low,31,30
2021,136,1,9,Bro1-6,Mono,Low,18,32
2021,137,1,9,Bro1-6,Mono,Low,22,34
2021,138,1,9,Bro1-6,Mono,Low,22,33
2021,139,1,9,Bro1-6,Mono,Low,28,36
2021,140,1,9,Bro1-6,Mono,Low,36,32
2021,141,1,9,Bro1-6,Mono,Low,40,38
2021,142,1,9,Bro1-6,Mono,Low,38,37
2021,143,1,9,Bro1-6,Mono,Low,33,34
2021,144,1,9,Bro1-6,Mono,Low,42,36
2021,145,2,10,Bg-2,Mono,Low,48,28
2021,146,2,10,Bg-2,Mono,Low,26,30
2021,147,2,10,Bg-2,Mono,Low,35,33
2021,148,2,10,Bg-2,Mono,Low,70,32
2021,149,2,10,Bg-2,Mono,Low,45,28
2021,150,2,10,Bg-2,Mono,Low,23,26
2021,151,2,10,Bg-2,Mono,Low,38,29
2021,152,2,10,Bg-2,Mono,Low,51,26
2021,153,2,10,Bg-2,Mono,Low,40,31
2021,154,2,10,Bg-2,Mono,Low,46,29
2021,155,2,10,Bg-2,Mono,Low,35,27
2021,156,2,10,Bg-2,Mono,Low,38,30
2021,157,2,10,Bg-2,Mono,Low,52,31
2021,158,2,10,Bg-2,Mono,Low,32,28
2021,159,2,10,Bg-2,Mono,Low,81,31
2021,160,2,10,Bg-2,Mono,Low,54,30
2021,161,2,11,Uod-1,Poly,Low,54,30
2021,162,2,11,Bg-2,Poly,Low,33,29
2021,163,2,11,Uod-1,Poly,Low,22,32
2021,164,2,11,Bg-2,Poly,Low,28,25
2021,165,2,11,Bg-2,Poly,Low,36,31
2021,166,2,11,Uod-1,Poly,Low,32,29
2021,167,2,11,Bg-2,Poly,Low,23,30
2021,168,2,11,Uod-1,Poly,Low,40,39
2021,169,2,11,Uod-1,Poly,Low,40,30
2021,170,2,11,Bg-2,Poly,Low,27,28
2021,171,2,11,Uod-1,Poly,Low,28,25
2021,172,2,11,Bg-2,Poly,Low,40,31
2021,173,2,11,Bg-2,Poly,Low,57,32
2021,174,2,11,Uod-1,Poly,Low,59,40
2021,175,2,11,Bg-2,Poly,Low,41,27
2021,176,2,11,Uod-1,Poly,Low,32,30
2021,177,2,12,Uod-1,Mono,Low,35,35
2021,178,2,12,Uod-1,Mono,Low,47,32
2021,179,2,12,Uod-1,Mono,Low,25,31
2021,180,2,12,Uod-1,Mono,Low,44,36
2021,181,2,12,Uod-1,Mono,Low,72,35
2021,182,2,12,Uod-1,Mono,Low,33,31
2021,183,2,12,Uod-1,Mono,Low,26,35
2021,184,2,12,Uod-1,Mono,Low,38,38
2021,185,2,12,Uod-1,Mono,Low,43,34
2021,186,2,12,Uod-1,Mono,Low,45,30
2021,187,2,12,Uod-1,Mono,Low,37,33
2021,188,2,12,Uod-1,Mono,Low,49,32
2021,189,2,12,Uod-1,Mono,Low,31,30
2021,190,2,12,Uod-1,Mono,Low,45,32
2021,191,2,12,Uod-1,Mono,Low,48,35
2021,192,2,12,Uod-1,Mono,Low,45,36
2021,193,2,13,Vastervik,Mono,Low,31,25
2021,194,2,13,Vastervik,Mono,Low,35,30
2021,195,2,13,Vastervik,Mono,Low,38,28
2021,196,2,13,Vastervik,Mono,Low,28,27
2021,197,2,13,Vastervik,Mono,Low,22,30
2021,198,2,13,Vastervik,Mono,Low,21,25
2021,199,2,13,Vastervik,Mono,Low,13,26
2021,200,2,13,Vastervik,Mono,Low,29,23
2021,201,2,13,Vastervik,Mono,Low,34,25
2021,202,2,13,Vastervik,Mono,Low,23,26
2021,203,2,13,Vastervik,Mono,Low,21,25
2021,204,2,13,Vastervik,Mono,Low,36,28
2021,205,2,13,Vastervik,Mono,Low,25,25
2021,206,2,13,Vastervik,Mono,Low,26,23
2021,207,2,13,Vastervik,Mono,Low,27,25
2021,208,2,13,Vastervik,Mono,Low,34,23
2021,209,2,14,Jm-0,Poly,Low,37,29
2021,210,2,14,Vastervik,Poly,Low,21,28
2021,211,2,14,Jm-0,Poly,Low,7,30
2021,212,2,14,Vastervik,Poly,Low,14,29
2021,213,2,14,Vastervik,Poly,Low,21,28
2021,214,2,14,Jm-0,Poly,Low,22,26
2021,215,2,14,Vastervik,Poly,Low,26,30
2021,216,2,14,Jm-0,Poly,Low,24,30
2021,217,2,14,Jm-0,Poly,Low,28,27
2021,218,2,14,Vastervik,Poly,Low,21,30
2021,219,2,14,Jm-0,Poly,Low,26,28
2021,220,2,14,Vastervik,Poly,Low,17,30
2021,221,2,14,Vastervik,Poly,Low,22,25
2021,222,2,14,Jm-0,Poly,Low,31,30
2021,223,2,14,Vastervik,Poly,Low,22,30
2021,224,2,14,Jm-0,Poly,Low,36,31
2021,225,2,15,Jm-0,Mono,Low,45,30
2021,226,2,15,Jm-0,Mono,Low,47,31
2021,227,2,15,Jm-0,Mono,Low,38,33
2021,228,2,15,Jm-0,Mono,Low,19,26
2021,229,2,15,Jm-0,Mono,Low,29,32
2021,230,2,15,Jm-0,Mono,Low,30,30
2021,231,2,15,Jm-0,Mono,Low,22,28
2021,232,2,15,Jm-0,Mono,Low,37,30
2021,233,2,15,Jm-0,Mono,Low,40,30
2021,234,2,15,Jm-0,Mono,Low,35,31
2021,235,2,15,Jm-0,Mono,Low,27,27
2021,236,2,15,Jm-0,Mono,Low,33,29
2021,237,2,15,Jm-0,Mono,Low,45,29
2021,238,2,15,Jm-0,Mono,Low,40,27
2021,239,2,15,Jm-0,Mono,Low,35,30
2021,240,2,15,Jm-0,Mono,Low,27,34
2021,241,2,16,Bla-1,Mono,Low,25,32
2021,242,2,16,Bla-1,Mono,Low,30,37
2021,243,2,16,Bla-1,Mono,Low,22,38
2021,244,2,16,Bla-1,Mono,Low,17,33
2021,245,2,16,Bla-1,Mono,Low,18,33
2021,246,2,16,Bla-1,Mono,Low,4,32
2021,247,2,16,Bla-1,Mono,Low,21,36
2021,248,2,16,Bla-1,Mono,Low,22,40
2021,249,2,16,Bla-1,Mono,Low,24,35
2021,250,2,16,Bla-1,Mono,Low,18,43
2021,251,2,16,Bla-1,Mono,Low,23,42
2021,252,2,16,Bla-1,Mono,Low,18,41
2021,253,2,16,Bla-1,Mono,Low,44,30
2021,254,2,16,Bla-1,Mono,Low,37,40
2021,255,2,16,Bla-1,Mono,Low,52,39
2021,256,2,16,Bla-1,Mono,Low,32,36
2021,257,2,17,Bro1-6,Poly,Low,37,28
2021,258,2,17,Bla-1,Poly,Low,28,35
2021,259,2,17,Bro1-6,Poly,Low,24,30
2021,260,2,17,Bla-1,Poly,Low,34,32
2021,261,2,17,Bla-1,Poly,Low,43,32
2021,262,2,17,Bro1-6,Poly,Low,31,31
2021,263,2,17,Bla-1,Poly,Low,21,33
2021,264,2,17,Bro1-6,Poly,Low,29,29
2021,265,2,17,Bro1-6,Poly,Low,27,33
2021,266,2,17,Bla-1,Poly,Low,32,34
2021,267,2,17,Bro1-6,Poly,Low,30,24
2021,268,2,17,Bla-1,Poly,Low,23,40
2021,269,2,17,Bla-1,Poly,Low,24,41
2021,270,2,17,Bro1-6,Poly,Low,22,32
2021,271,2,17,Bla-1,Poly,Low,33,36
2021,272,2,17,Bro1-6,Poly,Low,29,26
2021,273,2,18,Bro1-6,Mono,Low,28,33
2021,274,2,18,Bro1-6,Mono,Low,16,33
2021,275,2,18,Bro1-6,Mono,Low,11,34
2021,276,2,18,Bro1-6,Mono,Low,19,29
2021,277,2,18,Bro1-6,Mono,Low,12,40
2021,278,2,18,Bro1-6,Mono,Low,16,31
2021,279,2,18,Bro1-6,Mono,Low,11,32
2021,280,2,18,Bro1-6,Mono,Low,19,30
2021,281,2,18,Bro1-6,Mono,Low,22,35
2021,282,2,18,Bro1-6,Mono,Low,17,31
2021,283,2,18,Bro1-6,Mono,Low,25,33
2021,284,2,18,Bro1-6,Mono,Low,30,41
2021,285,2,18,Bro1-6,Mono,Low,11,30
2021,286,2,18,Bro1-6,Mono,Low,16,32
2021,287,2,18,Bro1-6,Mono,Low,22,33
2021,288,2,18,Bro1-6,Mono,Low,27,27
2021,289,3,19,Bg-2,Mono,Low,30,24
2021,290,3,19,Bg-2,Mono,Low,20,25
2021,291,3,19,Bg-2,Mono,Low,24,25
2021,292,3,19,Bg-2,Mono,Low,43,26
2021,293,3,19,Bg-2,Mono,Low,31,26
2021,294,3,19,Bg-2,Mono,Low,36,27
2021,295,3,19,Bg-2,Mono,Low,20,28
2021,296,3,19,Bg-2,Mono,Low,37,26
2021,297,3,19,Bg-2,Mono,Low,24,25
2021,298,3,19,Bg-2,Mono,Low,20,28
2021,299,3,19,Bg-2,Mono,Low,24,30
2021,300,3,19,Bg-2,Mono,Low,44,25
2021,301,3,19,Bg-2,Mono,Low,23,25
2021,302,3,19,Bg-2,Mono,Low,34,25
2021,303,3,19,Bg-2,Mono,Low,20,39
2021,304,3,19,Bg-2,Mono,Low,35,21
2021,305,3,20,Uod-1,Poly,Low,73,25
2021,306,3,20,Bg-2,Poly,Low,17,22
2021,307,3,20,Uod-1,Poly,Low,31,26
2021,308,3,20,Bg-2,Poly,Low,19,45
2021,309,3,20,Bg-2,Poly,Low,30,22
2021,310,3,20,Uod-1,Poly,Low,31,40
2021,311,3,20,Bg-2,Poly,Low,18,26
2021,312,3,20,Uod-1,Poly,Low,23,20
2021,313,3,20,Uod-1,Poly,Low,37,35
2021,314,3,20,Bg-2,Poly,Low,16,26
2021,315,3,20,Uod-1,Poly,Low,29,31
2021,316,3,20,Bg-2,Poly,Low,18,29
2021,317,3,20,Bg-2,Poly,Low,25,35
2021,318,3,20,Uod-1,Poly,Low,24,35
2021,319,3,20,Bg-2,Poly,Low,24,30
2021,320,3,20,Uod-1,Poly,Low,59,33
2021,321,3,21,Uod-1,Mono,Low,23,40
2021,322,3,21,Uod-1,Mono,Low,27,30
2021,323,3,21,Uod-1,Mono,Low,25,43
2021,324,3,21,Uod-1,Mono,Low,28,40
2021,325,3,21,Uod-1,Mono,Low,37,42
2021,326,3,21,Uod-1,Mono,Low,44,35
2021,327,3,21,Uod-1,Mono,Low,37,45
2021,328,3,21,Uod-1,Mono,Low,29,39
2021,329,3,21,Uod-1,Mono,Low,20,37
2021,330,3,21,Uod-1,Mono,Low,23,39
2021,331,3,21,Uod-1,Mono,Low,25,39
2021,332,3,21,Uod-1,Mono,Low,42,37
2021,333,3,21,Uod-1,Mono,Low,46,38
2021,334,3,21,Uod-1,Mono,Low,43,40
2021,335,3,21,Uod-1,Mono,Low,40,34
2021,336,3,21,Uod-1,Mono,Low,54,35
2021,337,3,22,Vastervik,Mono,Low,14,39
2021,338,3,22,Vastervik,Mono,Low,21,26
2021,339,3,22,Vastervik,Mono,Low,17,25
2021,340,3,22,Vastervik,Mono,Low,25,35
2021,341,3,22,Vastervik,Mono,Low,13,24
2021,342,3,22,Vastervik,Mono,Low,20,26
2021,343,3,22,Vastervik,Mono,Low,12,25
2021,344,3,22,Vastervik,Mono,Low,22,26
2021,345,3,22,Vastervik,Mono,Low,27,25
2021,346,3,22,Vastervik,Mono,Low,29,30
2021,347,3,22,Vastervik,Mono,Low,19,22
2021,348,3,22,Vastervik,Mono,Low,22,32
2021,349,3,22,Vastervik,Mono,Low,27,25
2021,350,3,22,Vastervik,Mono,Low,29,30
2021,351,3,22,Vastervik,Mono,Low,18,30
2021,352,3,22,Vastervik,Mono,Low,25,25
2021,353,3,23,Jm-0,Poly,Low,33,29
2021,354,3,23,Vastervik,Poly,Low,19,30
2021,355,3,23,Jm-0,Poly,Low,26,29
2021,356,3,23,Vastervik,Poly,Low,18,30
2021,357,3,23,Vastervik,Poly,Low,20,32
2021,358,3,23,Jm-0,Poly,Low,26,29
2021,359,3,23,Vastervik,Poly,Low,18,23
2021,360,3,23,Jm-0,Poly,Low,23,30
2021,361,3,23,Jm-0,Poly,Low,30,28
2021,362,3,23,Vastervik,Poly,Low,24,34
2021,363,3,23,Jm-0,Poly,Low,30,30
2021,364,3,23,Vastervik,Poly,Low,24,31
2021,365,3,23,Vastervik,Poly,Low,20,23
2021,366,3,23,Jm-0,Poly,Low,34,30
2021,367,3,23,Vastervik,Poly,Low,22,21
2021,368,3,23,Jm-0,Poly,Low,44,35
2021,369,3,24,Jm-0,Mono,Low,34,30
2021,370,3,24,Jm-0,Mono,Low,29,34
2021,371,3,24,Jm-0,Mono,Low,35,32
2021,372,3,24,Jm-0,Mono,Low,39,34
2021,373,3,24,Jm-0,Mono,Low,34,31
2021,374,3,24,Jm-0,Mono,Low,28,33
2021,375,3,24,Jm-0,Mono,Low,20,30
2021,376,3,24,Jm-0,Mono,Low,26,30
2021,377,3,24,Jm-0,Mono,Low,37,28
2021,378,3,24,Jm-0,Mono,Low,28,29
2021,379,3,24,Jm-0,Mono,Low,20,25
2021,380,3,24,Jm-0,Mono,Low,26,30
2021,381,3,24,Jm-0,Mono,Low,23,26
2021,382,3,24,Jm-0,Mono,Low,34,38
2021,383,3,24,Jm-0,Mono,Low,26,35
2021,384,3,24,Jm-0,Mono,Low,19,34
2021,385,3,25,Bla-1,Mono,Low,15,40
2021,386,3,25,Bla-1,Mono,Low,19,39
2021,387,3,25,Bla-1,Mono,Low,17,40
2021,388,3,25,Bla-1,Mono,Low,18,39
2021,389,3,25,Bla-1,Mono,Low,20,40
2021,390,3,25,Bla-1,Mono,Low,16,38
2021,391,3,25,Bla-1,Mono,Low,17,40
2021,392,3,25,Bla-1,Mono,Low,16,35
2021,393,3,25,Bla-1,Mono,Low,12,35
2021,394,3,25,Bla-1,Mono,Low,15,40
2021,395,3,25,Bla-1,Mono,Low,12,35
2021,396,3,25,Bla-1,Mono,Low,18,38
2021,397,3,25,Bla-1,Mono,Low,16,39
2021,398,3,25,Bla-1,Mono,Low,14,37
2021,399,3,25,Bla-1,Mono,Low,13,35
2021,400,3,25,Bla-1,Mono,Low,18,38
2021,401,3,26,Bro1-6,Poly,Low,6,33
2021,402,3,26,Bla-1,Poly,Low,13,35
2021,403,3,26,Bro1-6,Poly,Low,22,34
2021,404,3,26,Bla-1,Poly,Low,14,30
2021,405,3,26,Bla-1,Poly,Low,18,35
2021,406,3,26,Bro1-6,Poly,Low,15,30
2021,407,3,26,Bla-1,Poly,Low,16,35
2021,408,3,26,Bro1-6,Poly,Low,25,34
2021,409,3,26,Bro1-6,Poly,Low,21,28
2021,410,3,26,Bla-1,Poly,Low,25,40
2021,411,3,26,Bro1-6,Poly,Low,14,31
2021,412,3,26,Bla-1,Poly,Low,13,34
2021,413,3,26,Bla-1,Poly,Low,15,32
2021,414,3,26,Bro1-6,Poly,Low,20,35
2021,415,3,26,Bla-1,Poly,Low,17,35
2021,416,3,26,Bro1-6,Poly,Low,27,30
2021,417,3,27,Bro1-6,Mono,Low,41,35
2021,418,3,27,Bro1-6,Mono,Low,29,40
2021,419,3,27,Bro1-6,Mono,Low,25,30
2021,420,3,27,Bro1-6,Mono,Low,25,33
2021,421,3,27,Bro1-6,Mono,Low,20,38
2021,422,3,27,Bro1-6,Mono,Low,26,33
2021,423,3,27,Bro1-6,Mono,Low,26,35
2021,424,3,27,Bro1-6,Mono,Low,15,33
2021,425,3,27,Bro1-6,Mono,Low,27,30
2021,426,3,27,Bro1-6,Mono,Low,28,32
2021,427,3,27,Bro1-6,Mono,Low,20,40
2021,428,3,27,Bro1-6,Mono,Low,54,39
2021,429,3,27,Bro1-6,Mono,Low,38,42
2021,430,3,27,Bro1-6,Mono,Low,34,30
2021,431,3,27,Bro1-6,Mono,Low,60,28
2021,432,3,27,Bro1-6,Mono,Low,34,35
2021,433,4,28,Bg-2,Mono,High,57,38
2021,434,4,28,Bg-2,Mono,High,44,29
2021,435,4,28,Bg-2,Mono,High,40,35
2021,436,4,28,Bg-2,Mono,High,25,40
2021,437,4,29,Bg-2,Mono,High,32,29
2021,438,4,29,Bg-2,Mono,High,16,21
2021,439,4,29,Bg-2,Mono,High,70,30
2021,440,4,29,Bg-2,Mono,High,54,23
2021,441,4,28,Bg-2,Mono,High,26,26
2021,442,4,28,Bg-2,Mono,High,31,25
2021,443,4,28,Bg-2,Mono,High,38,30
2021,444,4,28,Bg-2,Mono,High,36,28
2021,445,4,29,Bg-2,Mono,High,27,30
2021,446,4,29,Bg-2,Mono,High,25,28
2021,447,4,29,Bg-2,Mono,High,30,20
2021,448,4,29,Bg-2,Mono,High,38,32
2021,449,4,28,Bg-2,Mono,High,54,30
2021,450,4,28,Bg-2,Mono,High,27,31
2021,451,4,28,Bg-2,Mono,High,22,26
2021,452,4,28,Bg-2,Mono,High,21,29
2021,453,4,29,Bg-2,Mono,High,19,25
2021,454,4,29,Bg-2,Mono,High,19,24
2021,455,4,29,Bg-2,Mono,High,27,30
2021,456,4,29,Bg-2,Mono,High,16,24
2021,457,4,28,Bg-2,Mono,High,34,35
2021,458,4,28,Bg-2,Mono,High,23,30
2021,459,4,28,Bg-2,Mono,High,22,37
2021,460,4,28,Bg-2,Mono,High,21,30
2021,461,4,29,Bg-2,Mono,High,18,31
2021,462,4,29,Bg-2,Mono,High,18,28
2021,463,4,29,Bg-2,Mono,High,19,20
2021,464,4,29,Bg-2,Mono,High,24,22
2021,465,4,30,Bg-2,Mono,High,25,30
2021,466,4,30,Bg-2,Mono,High,28,32
2021,467,4,30,Bg-2,Mono,High,19,30
2021,468,4,30,Bg-2,Mono,High,22,25
2021,469,4,31,Bg-2,Mono,High,34,30
2021,470,4,31,Bg-2,Mono,High,12,28
2021,471,4,31,Bg-2,Mono,High,20,30
2021,472,4,31,Bg-2,Mono,High,28,30
2021,473,4,30,Bg-2,Mono,High,43,31
2021,474,4,30,Bg-2,Mono,High,50,38
2021,475,4,30,Bg-2,Mono,High,16,29
2021,476,4,30,Bg-2,Mono,High,34,20
2021,477,4,31,Bg-2,Mono,High,32,33
2021,478,4,31,Bg-2,Mono,High,37,25
2021,479,4,31,Bg-2,Mono,High,18,30
2021,480,4,31,Bg-2,Mono,High,30,33
2021,481,4,30,Bg-2,Mono,High,24,28
2021,482,4,30,Bg-2,Mono,High,32,27
2021,483,4,30,Bg-2,Mono,High,23,30
2021,484,4,30,Bg-2,Mono,High,28,30
2021,485,4,31,Bg-2,Mono,High,28,31
2021,486,4,31,Bg-2,Mono,High,26,36
2021,487,4,31,Bg-2,Mono,High,54,30
2021,488,4,31,Bg-2,Mono,High,38,25
2021,489,4,30,Bg-2,Mono,High,43,30
2021,490,4,30,Bg-2,Mono,High,46,31
2021,491,4,30,Bg-2,Mono,High,49,30
2021,492,4,30,Bg-2,Mono,High,38,29
2021,493,4,31,Bg-2,Mono,High,23,29
2021,494,4,31,Bg-2,Mono,High,31,28
2021,495,4,31,Bg-2,Mono,High,28,28
2021,496,4,31,Bg-2,Mono,High,40,25
2021,497,4,32,Uod-1,Poly,High,15,33
2021,498,4,32,Bg-2,Poly,High,13,28
2021,499,4,32,Uod-1,Poly,High,18,35
2021,500,4,32,Bg-2,Poly,High,17,27
2021,501,4,33,Uod-1,Poly,High,31,35
2021,502,4,33,Bg-2,Poly,High,28,35
2021,503,4,33,Uod-1,Poly,High,35,39
2021,504,4,33,Bg-2,Poly,High,22,25
2021,505,4,32,Bg-2,Poly,High,18,30
2021,506,4,32,Uod-1,Poly,High,22,33
2021,507,4,32,Bg-2,Poly,High,17,24
2021,508,4,32,Uod-1,Poly,High,39,33
2021,509,4,33,Bg-2,Poly,High,24,35
2021,510,4,33,Uod-1,Poly,High,39,32
2021,511,4,33,Bg-2,Poly,High,15,30
2021,512,4,33,Uod-1,Poly,High,28,35
2021,513,4,32,Uod-1,Poly,High,27,41
2021,514,4,32,Bg-2,Poly,High,18,33
2021,515,4,32,Uod-1,Poly,High,30,36
2021,516,4,32,Bg-2,Poly,High,21,23
2021,517,4,33,Uod-1,Poly,High,15,39
2021,518,4,33,Bg-2,Poly,High,17,27
2021,519,4,33,Uod-1,Poly,High,27,39
2021,520,4,33,Bg-2,Poly,High,16,26
2021,521,4,32,Bg-2,Poly,High,16,24
2021,522,4,32,Uod-1,Poly,High,35,36
2021,523,4,32,Bg-2,Poly,High,19,26
2021,524,4,32,Uod-1,Poly,High,27,33
2021,525,4,33,Bg-2,Poly,High,15,22
2021,526,4,33,Uod-1,Poly,High,34,34
2021,527,4,33,Bg-2,Poly,High,31,29
2021,528,4,33,Uod-1,Poly,High,31,38
2021,529,4,34,Uod-1,Poly,High,45,39
2021,530,4,34,Bg-2,Poly,High,25,32
2021,531,4,34,Uod-1,Poly,High,25,35
2021,532,4,34,Bg-2,Poly,High,15,31
2021,533,4,35,Uod-1,Poly,High,13,32
2021,534,4,35,Bg-2,Poly,High,27,31
2021,535,4,35,Uod-1,Poly,High,21,32
2021,536,4,35,Bg-2,Poly,High,14,29
2021,537,4,34,Bg-2,Poly,High,16,29
2021,538,4,34,Uod-1,Poly,High,39,33
2021,539,4,34,Bg-2,Poly,High,14,25
2021,540,4,34,Uod-1,Poly,High,16,30
2021,541,4,35,Bg-2,Poly,High,12,20
2021,542,4,35,Uod-1,Poly,High,27,28
2021,543,4,35,Bg-2,Poly,High,14,25
2021,544,4,35,Uod-1,Poly,High,29,34
2021,545,4,34,Uod-1,Poly,High,22,32
2021,546,4,34,Bg-2,Poly,High,23,30
2021,547,4,34,Uod-1,Poly,High,21,31
2021,548,4,34,Bg-2,Poly,High,18,22
2021,549,4,35,Uod-1,Poly,High,21,33
2021,550,4,35,Bg-2,Poly,High,15,23
2021,551,4,35,Uod-1,Poly,High,27,34
2021,552,4,35,Bg-2,Poly,High,15,30
2021,553,4,34,Bg-2,Poly,High,31,30
2021,554,4,34,Uod-1,Poly,High,24,43
2021,555,4,34,Bg-2,Poly,High,13,21
2021,556,4,34,Uod-1,Poly,High,27,39
2021,557,4,35,Bg-2,Poly,High,11,23
2021,558,4,35,Uod-1,Poly,High,27,38
2021,559,4,35,Bg-2,Poly,High,11,25
2021,560,4,35,Uod-1,Poly,High,29,36
2021,561,4,36,Uod-1,Mono,High,39,31
2021,562,4,36,Uod-1,Mono,High,33,29
2021,563,4,36,Uod-1,Mono,High,19,34
2021,564,4,36,Uod-1,Mono,High,32,26
2021,565,4,37,Uod-1,Mono,High,27,28
2021,566,4,37,Uod-1,Mono,High,27,24
2021,567,4,37,Uod-1,Mono,High,26,30
2021,568,4,37,Uod-1,Mono,High,39,30
2021,569,4,36,Uod-1,Mono,High,40,30
2021,570,4,36,Uod-1,Mono,High,28,29
2021,571,4,36,Uod-1,Mono,High,32,33
2021,572,4,36,Uod-1,Mono,High,28,31
2021,573,4,37,Uod-1,Mono,High,21,29
2021,574,4,37,Uod-1,Mono,High,16,32
2021,575,4,37,Uod-1,Mono,High,33,31
2021,576,4,37,Uod-1,Mono,High,40,26
2021,577,4,36,Uod-1,Mono,High,27,26
2021,578,4,36,Uod-1,Mono,High,25,30
2021,579,4,36,Uod-1,Mono,High,32,32
2021,580,4,36,Uod-1,Mono,High,17,30
2021,581,4,37,Uod-1,Mono,High,38,31
2021,582,4,37,Uod-1,Mono,High,26,34
2021,583,4,37,Uod-1,Mono,High,29,31
2021,584,4,37,Uod-1,Mono,High,22,33
2021,585,4,36,Uod-1,Mono,High,30,31
2021,586,4,36,Uod-1,Mono,High,29,31
2021,587,4,36,Uod-1,Mono,High,26,35
2021,588,4,36,Uod-1,Mono,High,29,40
2021,589,4,37,Uod-1,Mono,High,38,41
2021,590,4,37,Uod-1,Mono,High,26,36
2021,591,4,37,Uod-1,Mono,High,27,35
2021,592,4,37,Uod-1,Mono,High,27,35
2021,593,4,38,Uod-1,Mono,High,39,34
2021,594,4,38,Uod-1,Mono,High,24,36
2021,595,4,38,Uod-1,Mono,High,27,33
2021,596,4,38,Uod-1,Mono,High,35,31
2021,597,4,39,Uod-1,Mono,High,28,33
2021,598,4,39,Uod-1,Mono,High,18,30
2021,599,4,39,Uod-1,Mono,High,26,35
2021,600,4,39,Uod-1,Mono,High,34,30
2021,601,4,38,Uod-1,Mono,High,29,35
2021,602,4,38,Uod-1,Mono,High,29,34
2021,603,4,38,Uod-1,Mono,High,28,33
2021,604,4,38,Uod-1,Mono,High,27,40
2021,605,4,39,Uod-1,Mono,High,28,30
2021,606,4,39,Uod-1,Mono,High,22,38
2021,607,4,39,Uod-1,Mono,High,23,29
2021,608,4,39,Uod-1,Mono,High,35,35
2021,609,4,38,Uod-1,Mono,High,39,28
2021,610,4,38,Uod-1,Mono,High,30,34
2021,611,4,38,Uod-1,Mono,High,39,35
2021,612,4,38,Uod-1,Mono,High,16,26
2021,613,4,39,Uod-1,Mono,High,39,30
2021,614,4,39,Uod-1,Mono,High,31,30
2021,615,4,39,Uod-1,Mono,High,38,35
2021,616,4,39,Uod-1,Mono,High,35,35
2021,617,4,38,Uod-1,Mono,High,31,30
2021,618,4,38,Uod-1,Mono,High,27,30
2021,619,4,38,Uod-1,Mono,High,42,27
2021,620,4,38,Uod-1,Mono,High,57,37
2021,621,4,39,Uod-1,Mono,High,58,38
2021,622,4,39,Uod-1,Mono,High,38,33
2021,623,4,39,Uod-1,Mono,High,39,35
2021,624,4,39,Uod-1,Mono,High,46,30
2021,625,5,40,Vastervik,Mono,High,18,21
2021,626,5,40,Vastervik,Mono,High,34,21
2021,627,5,40,Vastervik,Mono,High,27,22
2021,628,5,40,Vastervik,Mono,High,25,23
2021,629,5,41,Vastervik,Mono,High,46,25
2021,630,5,41,Vastervik,Mono,High,38,20
2021,631,5,41,Vastervik,Mono,High,28,28
2021,632,5,41,Vastervik,Mono,High,41,26
2021,633,5,40,Vastervik,Mono,High,37,25
2021,634,5,40,Vastervik,Mono,High,21,26
2021,635,5,40,Vastervik,Mono,High,23,30
2021,636,5,40,Vastervik,Mono,High,30,21
2021,637,5,41,Vastervik,Mono,High,30,23
2021,638,5,41,Vastervik,Mono,High,21,24
2021,639,5,41,Vastervik,Mono,High,32,29
2021,640,5,41,Vastervik,Mono,High,31,29
2021,641,5,40,Vastervik,Mono,High,50,23
2021,642,5,40,Vastervik,Mono,High,27,21
2021,643,5,40,Vastervik,Mono,High,29,28
2021,644,5,40,Vastervik,Mono,High,18,26
2021,645,5,41,Vastervik,Mono,High,11,24
2021,646,5,41,Vastervik,Mono,High,26,21
2021,647,5,41,Vastervik,Mono,High,25,30
2021,648,5,41,Vastervik,Mono,High,22,25
2021,649,5,40,Vastervik,Mono,High,36,23
2021,650,5,40,Vastervik,Mono,High,25,26
2021,651,5,40,Vastervik,Mono,High,28,27
2021,652,5,40,Vastervik,Mono,High,23,26
2021,653,5,41,Vastervik,Mono,High,27,28
2021,654,5,41,Vastervik,Mono,High,22,29
2021,655,5,41,Vastervik,Mono,High,14,30
2021,656,5,41,Vastervik,Mono,High,21,30
2021,657,5,42,Vastervik,Mono,High,42,25
2021,658,5,42,Vastervik,Mono,High,30,23
2021,659,5,42,Vastervik,Mono,High,21,25
2021,660,5,42,Vastervik,Mono,High,40,21
2021,661,5,43,Vastervik,Mono,High,31,20
2021,662,5,43,Vastervik,Mono,High,36,21
2021,663,5,43,Vastervik,Mono,High,31,28
2021,664,5,43,Vastervik,Mono,High,38,25
2021,665,5,42,Vastervik,Mono,High,18,24
2021,666,5,42,Vastervik,Mono,High,17,25
2021,667,5,42,Vastervik,Mono,High,36,22
2021,668,5,42,Vastervik,Mono,High,17,25
2021,669,5,43,Vastervik,Mono,High,27,33
2021,670,5,43,Vastervik,Mono,High,37,26
2021,671,5,43,Vastervik,Mono,High,31,30
2021,672,5,43,Vastervik,Mono,High,38,29
2021,673,5,42,Vastervik,Mono,High,42,26
2021,674,5,42,Vastervik,Mono,High,31,26
2021,675,5,42,Vastervik,Mono,High,25,23
2021,676,5,42,Vastervik,Mono,High,19,22
2021,677,5,43,Vastervik,Mono,High,26,25
2021,678,5,43,Vastervik,Mono,High,44,30
2021,679,5,43,Vastervik,Mono,High,30,30
2021,680,5,43,Vastervik,Mono,High,37,28
2021,681,5,42,Vastervik,Mono,High,63,26
2021,682,5,42,Vastervik,Mono,High,35,21
2021,683,5,42,Vastervik,Mono,High,43,27
2021,684,5,42,Vastervik,Mono,High,23,25
2021,685,5,43,Vastervik,Mono,High,24,22
2021,686,5,43,Vastervik,Mono,High,17,20
2021,687,5,43,Vastervik,Mono,High,32,20
2021,688,5,43,Vastervik,Mono,High,31,30
2021,689,5,44,Jm-0,Poly,High,27,24
2021,690,5,44,Vastervik,Poly,High,12,21
2021,691,5,44,Jm-0,Poly,High,25,28
2021,692,5,44,Vastervik,Poly,High,14,20
2021,693,5,45,Jm-0,Poly,High,29,25
2021,694,5,45,Vastervik,Poly,High,13,21
2021,695,5,45,Jm-0,Poly,High,18,23
2021,696,5,45,Vastervik,Poly,High,16,24
2021,697,5,44,Vastervik,Poly,High,17,21
2021,698,5,44,Jm-0,Poly,High,12,26
2021,699,5,44,Vastervik,Poly,High,3,20
2021,700,5,44,Jm-0,Poly,High,19,30
2021,701,5,45,Vastervik,Poly,High,13,21
2021,702,5,45,Jm-0,Poly,High,23,30
2021,703,5,45,Vastervik,Poly,High,8,21
2021,704,5,45,Jm-0,Poly,High,14,26
2021,705,5,44,Jm-0,Poly,High,25,29
2021,706,5,44,Vastervik,Poly,High,14,22
2021,707,5,44,Jm-0,Poly,High,27,27
2021,708,5,44,Vastervik,Poly,High,13,20
2021,709,5,45,Jm-0,Poly,High,20,20
2021,710,5,45,Vastervik,Poly,High,11,21
2021,711,5,45,Jm-0,Poly,High,18,26
2021,712,5,45,Vastervik,Poly,High,18,22
2021,713,5,44,Vastervik,Poly,High,7,21
2021,714,5,44,Jm-0,Poly,High,22,29
2021,715,5,44,Vastervik,Poly,High,1,20
2021,716,5,44,Jm-0,Poly,High,12,21
2021,717,5,45,Vastervik,Poly,High,9,19
2021,718,5,45,Jm-0,Poly,High,21,30
2021,719,5,45,Vastervik,Poly,High,15,20
2021,720,5,45,Jm-0,Poly,High,20,34
2021,721,5,46,Jm-0,Poly,High,32,25
2021,722,5,46,Vastervik,Poly,High,15,20
2021,723,5,46,Jm-0,Poly,High,29,25
2021,724,5,46,Vastervik,Poly,High,15,24
2021,725,5,47,Jm-0,Poly,High,25,28
2021,726,5,47,Vastervik,Poly,High,22,20
2021,727,5,47,Jm-0,Poly,High,31,28
2021,728,5,47,Vastervik,Poly,High,13,20
2021,729,5,46,Vastervik,Poly,High,24,23
2021,730,5,46,Jm-0,Poly,High,36,29
2021,731,5,46,Vastervik,Poly,High,16,25
2021,732,5,46,Jm-0,Poly,High,19,29
2021,733,5,47,Vastervik,Poly,High,14,20
2021,734,5,47,Jm-0,Poly,High,27,26
2021,735,5,47,Vastervik,Poly,High,22,25
2021,736,5,47,Jm-0,Poly,High,42,23
2021,737,5,46,Jm-0,Poly,High,39,29
2021,738,5,46,Vastervik,Poly,High,27,25
2021,739,5,46,Jm-0,Poly,High,34,30
2021,740,5,46,Vastervik,Poly,High,19,25
2021,741,5,47,Jm-0,Poly,High,46,25
2021,742,5,47,Vastervik,Poly,High,28,26
2021,743,5,47,Jm-0,Poly,High,13,29
2021,744,5,47,Vastervik,Poly,High,14,25
2021,745,5,46,Vastervik,Poly,High,25,30
2021,746,5,46,Jm-0,Poly,High,32,30
2021,747,5,46,Vastervik,Poly,High,21,25
2021,748,5,46,Jm-0,Poly,High,25,34
2021,749,5,47,Vastervik,Poly,High,34,25
2021,750,5,47,Jm-0,Poly,High,35,35
2021,751,5,47,Vastervik,Poly,High,13,22
2021,752,5,47,Jm-0,Poly,High,50,36
2021,753,5,48,Jm-0,Mono,High,37,38
2021,754,5,48,Jm-0,Mono,High,30,24
2021,755,5,48,Jm-0,Mono,High,20,25
2021,756,5,48,Jm-0,Mono,High,38,41
2021,757,5,49,Jm-0,Mono,High,32,28
2021,758,5,49,Jm-0,Mono,High,30,30
2021,759,5,49,Jm-0,Mono,High,21,26
2021,760,5,49,Jm-0,Mono,High,24,27
2021,761,5,48,Jm-0,Mono,High,37,25
2021,762,5,48,Jm-0,Mono,High,23,43
2021,763,5,48,Jm-0,Mono,High,23,33
2021,764,5,48,Jm-0,Mono,High,24,25
2021,765,5,49,Jm-0,Mono,High,26,29
2021,766,5,49,Jm-0,Mono,High,28,24
2021,767,5,49,Jm-0,Mono,High,17,30
2021,768,5,49,Jm-0,Mono,High,28,25
2021,769,5,48,Jm-0,Mono,High,57,34
2021,770,5,48,Jm-0,Mono,High,24,33
2021,771,5,48,Jm-0,Mono,High,33,30
2021,772,5,48,Jm-0,Mono,High,36,30
2021,773,5,49,Jm-0,Mono,High,21,31
2021,774,5,49,Jm-0,Mono,High,20,20
2021,775,5,49,Jm-0,Mono,High,20,31
2021,776,5,49,Jm-0,Mono,High,31,33
2021,777,5,48,Jm-0,Mono,High,40,32
2021,778,5,48,Jm-0,Mono,High,29,38
2021,779,5,48,Jm-0,Mono,High,35,33
2021,780,5,48,Jm-0,Mono,High,41,34
2021,781,5,49,Jm-0,Mono,High,27,25
2021,782,5,49,Jm-0,Mono,High,34,26
2021,783,5,49,Jm-0,Mono,High,21,26
2021,784,5,49,Jm-0,Mono,High,31,30
2021,785,5,50,Jm-0,Mono,High,56,31
2021,786,5,50,Jm-0,Mono,High,21,30
2021,787,5,50,Jm-0,Mono,High,22,29
2021,788,5,50,Jm-0,Mono,High,22,31
2021,789,5,51,Jm-0,Mono,High,22,30
2021,790,5,51,Jm-0,Mono,High,45,29
2021,791,5,51,Jm-0,Mono,High,29,40
2021,792,5,51,Jm-0,Mono,High,28,30
2021,793,5,50,Jm-0,Mono,High,31,31
2021,794,5,50,Jm-0,Mono,High,22,30
2021,795,5,50,Jm-0,Mono,High,14,29
2021,796,5,50,Jm-0,Mono,High,18,28
2021,797,5,51,Jm-0,Mono,High,20,25
2021,798,5,51,Jm-0,Mono,High,9,24
2021,799,5,51,Jm-0,Mono,High,13,30
2021,800,5,51,Jm-0,Mono,High,40,30
2021,801,5,50,Jm-0,Mono,High,38,27
2021,802,5,50,Jm-0,Mono,High,33,36
2021,803,5,50,Jm-0,Mono,High,4,30
2021,804,5,50,Jm-0,Mono,High,41,30
2021,805,5,51,Jm-0,Mono,High,27,26
2021,806,5,51,Jm-0,Mono,High,21,25
2021,807,5,51,Jm-0,Mono,High,18,30
2021,808,5,51,Jm-0,Mono,High,39,31
2021,809,5,50,Jm-0,Mono,High,39,30
2021,810,5,50,Jm-0,Mono,High,32,35
2021,811,5,50,Jm-0,Mono,High,35,31
2021,812,5,50,Jm-0,Mono,High,44,30
2021,813,5,51,Jm-0,Mono,High,24,26
2021,814,5,51,Jm-0,Mono,High,25,28
2021,815,5,51,Jm-0,Mono,High,37,24
2021,816,5,51,Jm-0,Mono,High,40,25
2021,817,6,52,Bla-1,Mono,High,36,34
2021,818,6,52,Bla-1,Mono,High,31,36
2021,819,6,52,Bla-1,Mono,High,10,35
2021,820,6,52,Bla-1,Mono,High,37,36
2021,821,6,53,Bla-1,Mono,High,33,40
2021,822,6,53,Bla-1,Mono,High,28,30
2021,823,6,53,Bla-1,Mono,High,21,50
2021,824,6,53,Bla-1,Mono,High,23,40
2021,825,6,52,Bla-1,Mono,High,30,34
2021,826,6,52,Bla-1,Mono,High,18,38
2021,827,6,52,Bla-1,Mono,High,24,35
2021,828,6,52,Bla-1,Mono,High,22,40
2021,829,6,53,Bla-1,Mono,High,17,35
2021,830,6,53,Bla-1,Mono,High,14,34
2021,831,6,53,Bla-1,Mono,High,18,32
2021,832,6,53,Bla-1,Mono,High,36,40
2021,833,6,52,Bla-1,Mono,High,29,34
2021,834,6,52,Bla-1,Mono,High,21,30
2021,835,6,52,Bla-1,Mono,High,28,38
2021,836,6,52,Bla-1,Mono,High,19,30
2021,837,6,53,Bla-1,Mono,High,16,35
2021,838,6,53,Bla-1,Mono,High,10,35
2021,839,6,53,Bla-1,Mono,High,18,30
2021,840,6,53,Bla-1,Mono,High,36,39
2021,841,6,52,Bla-1,Mono,High,15,40
2021,842,6,52,Bla-1,Mono,High,29,38
2021,843,6,52,Bla-1,Mono,High,25,29
2021,844,6,52,Bla-1,Mono,High,30,35
2021,845,6,53,Bla-1,Mono,High,19,36
2021,846,6,53,Bla-1,Mono,High,21,39
2021,847,6,53,Bla-1,Mono,High,29,41
2021,848,6,53,Bla-1,Mono,High,48,40
2021,849,6,54,Bla-1,Mono,High,20,38
2021,850,6,54,Bla-1,Mono,High,27,32
2021,851,6,54,Bla-1,Mono,High,16,41
2021,852,6,54,Bla-1,Mono,High,33,31
2021,853,6,55,Bla-1,Mono,High,24,30
2021,854,6,55,Bla-1,Mono,High,36,35
2021,855,6,55,Bla-1,Mono,High,37,35
2021,856,6,55,Bla-1,Mono,High,46,40
2021,857,6,54,Bla-1,Mono,High,68,33
2021,858,6,54,Bla-1,Mono,High,37,35
2021,859,6,54,Bla-1,Mono,High,41,40
2021,860,6,54,Bla-1,Mono,High,38,35
2021,861,6,55,Bla-1,Mono,High,29,40
2021,862,6,55,Bla-1,Mono,High,31,40
2021,863,6,55,Bla-1,Mono,High,35,33
2021,864,6,55,Bla-1,Mono,High,34,35
2021,865,6,54,Bla-1,Mono,High,45,39
2021,866,6,54,Bla-1,Mono,High,15,40
2021,867,6,54,Bla-1,Mono,High,33,41
2021,868,6,54,Bla-1,Mono,High,33,38
2021,869,6,55,Bla-1,Mono,High,30,35
2021,870,6,55,Bla-1,Mono,High,41,40
2021,871,6,55,Bla-1,Mono,High,42,38
2021,872,6,55,Bla-1,Mono,High,31,35
2021,873,6,54,Bla-1,Mono,High,37,39
2021,874,6,54,Bla-1,Mono,High,33,32
2021,875,6,54,Bla-1,Mono,High,42,30
2021,876,6,54,Bla-1,Mono,High,14,32
2021,877,6,55,Bla-1,Mono,High,54,40
2021,878,6,55,Bla-1,Mono,High,24,35
2021,879,6,55,Bla-1,Mono,High,21,29
2021,880,6,55,Bla-1,Mono,High,40,33
2021,881,6,56,Bro1-6,Poly,High,38,31
2021,882,6,56,Bla-1,Poly,High,26,33
2021,883,6,56,Bro1-6,Poly,High,15,32
2021,884,6,56,Bla-1,Poly,High,30,40
2021,885,6,57,Bro1-6,Poly,High,27,34
2021,886,6,57,Bla-1,Poly,High,32,37
2021,887,6,57,Bro1-6,Poly,High,27,36
2021,888,6,57,Bla-1,Poly,High,30,42
2021,889,6,56,Bla-1,Poly,High,35,32
2021,890,6,56,Bro1-6,Poly,High,22,31
2021,891,6,56,Bla-1,Poly,High,28,36
2021,892,6,56,Bro1-6,Poly,High,25,43
2021,893,6,57,Bla-1,Poly,High,27,36
2021,894,6,57,Bro1-6,Poly,High,26,40
2021,895,6,57,Bla-1,Poly,High,13,38
2021,896,6,57,Bro1-6,Poly,High,18,25
2021,897,6,56,Bro1-6,Poly,High,38,35
2021,898,6,56,Bla-1,Poly,High,35,37
2021,899,6,56,Bro1-6,Poly,High,31,33
2021,900,6,56,Bla-1,Poly,High,17,40
2021,901,6,57,Bro1-6,Poly,High,19,31
2021,902,6,57,Bla-1,Poly,High,13,29
2021,903,6,57,Bro1-6,Poly,High,11,29
2021,904,6,57,Bla-1,Poly,High,19,40
2021,905,6,56,Bla-1,Poly,High,19,31
2021,906,6,56,Bro1-6,Poly,High,18,30
2021,907,6,56,Bla-1,Poly,High,11,30
2021,908,6,56,Bro1-6,Poly,High,22,31
2021,909,6,57,Bla-1,Poly,High,20,35
2021,910,6,57,Bro1-6,Poly,High,7,32
2021,911,6,57,Bla-1,Poly,High,9,34
2021,912,6,57,Bro1-6,Poly,High,14,32
2021,913,6,58,Bro1-6,Poly,High,29,31
2021,914,6,58,Bla-1,Poly,High,14,35
2021,915,6,58,Bro1-6,Poly,High,17,29
2021,916,6,58,Bla-1,Poly,High,15,32
2021,917,6,59,Bro1-6,Poly,High,20,31
2021,918,6,59,Bla-1,Poly,High,30,39
2021,919,6,59,Bro1-6,Poly,High,28,35
2021,920,6,59,Bla-1,Poly,High,29,39
2021,921,6,58,Bla-1,Poly,High,44,30
2021,922,6,58,Bro1-6,Poly,High,39,34
2021,923,6,58,Bla-1,Poly,High,23,30
2021,924,6,58,Bro1-6,Poly,High,37,30
2021,925,6,59,Bla-1,Poly,High,28,29
2021,926,6,59,Bro1-6,Poly,High,18,38
2021,927,6,59,Bla-1,Poly,High,25,32
2021,928,6,59,Bro1-6,Poly,High,29,35
2021,929,6,58,Bro1-6,Poly,High,30,35
2021,930,6,58,Bla-1,Poly,High,20,30
2021,931,6,58,Bro1-6,Poly,High,26,31
2021,932,6,58,Bla-1,Poly,High,19,35
2021,933,6,59,Bro1-6,Poly,High,26,39
2021,934,6,59,Bla-1,Poly,High,33,30
2021,935,6,59,Bro1-6,Poly,High,32,31
2021,936,6,59,Bla-1,Poly,High,49,35
2021,937,6,58,Bla-1,Poly,High,22,26
2021,938,6,58,Bro1-6,Poly,High,20,33
2021,939,6,58,Bla-1,Poly,High,21,37
2021,940,6,58,Bro1-6,Poly,High,33,28
2021,941,6,59,Bla-1,Poly,High,29,32
2021,942,6,59,Bro1-6,Poly,High,31,38
2021,943,6,59,Bla-1,Poly,High,26,33
2021,944,6,59,Bro1-6,Poly,High,32,31
2021,945,6,60,Bro1-6,Mono,High,44,29
2021,946,6,60,Bro1-6,Mono,High,26,32
2021,947,6,60,Bro1-6,Mono,High,45,34
2021,948,6,60,Bro1-6,Mono,High,47,38
2021,949,6,61,Bro1-6,Mono,High,30,36
2021,950,6,61,Bro1-6,Mono,High,40,29
2021,951,6,61,Bro1-6,Mono,High,29,40
2021,952,6,61,Bro1-6,Mono,High,50,34
2021,953,6,60,Bro1-6,Mono,High,27,30
2021,954,6,60,Bro1-6,Mono,High,19,31
2021,955,6,60,Bro1-6,Mono,High,19,27
2021,956,6,60,Bro1-6,Mono,High,22,33
2021,957,6,61,Bro1-6,Mono,High,32,31
2021,958,6,61,Bro1-6,Mono,High,23,28
2021,959,6,61,Bro1-6,Mono,High,18,35
2021,960,6,61,Bro1-6,Mono,High,25,35
2021,961,6,60,Bro1-6,Mono,High,31,25
2021,962,6,60,Bro1-6,Mono,High,24,26
2021,963,6,60,Bro1-6,Mono,High,22,36
2021,964,6,60,Bro1-6,Mono,High,29,30
2021,965,6,61,Bro1-6,Mono,High,25,34
2021,966,6,61,Bro1-6,Mono,High,21,35
2021,967,6,61,Bro1-6,Mono,High,21,38
2021,968,6,61,Bro1-6,Mono,High,31,31
2021,969,6,60,Bro1-6,Mono,High,18,33
2021,970,6,60,Bro1-6,Mono,High,15,31
2021,971,6,60,Bro1-6,Mono,High,14,30
2021,972,6,60,Bro1-6,Mono,High,20,35
2021,973,6,61,Bro1-6,Mono,High,20,36
2021,974,6,61,Bro1-6,Mono,High,17,31
2021,975,6,61,Bro1-6,Mono,High,22,32
2021,976,6,61,Bro1-6,Mono,High,37,29
2021,977,6,62,Bro1-6,Mono,High,45,32
2021,978,6,62,Bro1-6,Mono,High,36,26
2021,979,6,62,Bro1-6,Mono,High,30,36
2021,980,6,62,Bro1-6,Mono,High,31,32
2021,981,6,63,Bro1-6,Mono,High,8,33
2021,982,6,63,Bro1-6,Mono,High,31,35
2021,983,6,63,Bro1-6,Mono,High,19,35
2021,984,6,63,Bro1-6,Mono,High,35,37
2021,985,6,62,Bro1-6,Mono,High,36,33
2021,986,6,62,Bro1-6,Mono,High,45,30
2021,987,6,62,Bro1-6,Mono,High,25,33
2021,988,6,62,Bro1-6,Mono,High,37,32
2021,989,6,63,Bro1-6,Mono,High,25,38
2021,990,6,63,Bro1-6,Mono,High,20,25
2021,991,6,63,Bro1-6,Mono,High,25,29
2021,992,6,63,Bro1-6,Mono,High,31,37
2021,993,6,62,Bro1-6,Mono,High,33,40
2021,994,6,62,Bro1-6,Mono,High,36,30
2021,995,6,62,Bro1-6,Mono,High,36,35
2021,996,6,62,Bro1-6,Mono,High,45,34
2021,997,6,63,Bro1-6,Mono,High,22,29
2021,998,6,63,Bro1-6,Mono,High,23,33
2021,999,6,63,Bro1-6,Mono,High,28,38
2021,1000,6,63,Bro1-6,Mono,High,19,24
2021,1001,6,62,Bro1-6,Mono,High,26,30
2021,1002,6,62,Bro1-6,Mono,High,21,20
2021,1003,6,62,Bro1-6,Mono,High,35,33
2021,1004,6,62,Bro1-6,Mono,High,26,31
2021,1005,6,63,Bro1-6,Mono,High,33,36
2021,1006,6,63,Bro1-6,Mono,High,33,35
2021,1007,6,63,Bro1-6,Mono,High,22,28
2021,1008,6,63,Bro1-6,Mono,High,27,36
2019,1,1,64,Bg-2,Mono,Low,31,20
2019,2,1,64,Bg-2,Mono,Low,27,20
2019,3,1,64,Bg-2,Mono,Low,34,20
2019,4,1,64,Bg-2,Mono,Low,28,19
2019,5,1,64,Bg-2,Mono,Low,31,17
2019,6,1,64,Bg-2,Mono,Low,37,20
2019,7,1,64,Bg-2,Mono,Low,30,21
2019,8,1,64,Bg-2,Mono,Low,28,23
2019,9,1,64,Bg-2,Mono,Low,31,25
2019,10,1,64,Bg-2,Mono,Low,29,25
2019,11,1,64,Bg-2,Mono,Low,34,19
2019,12,1,64,Bg-2,Mono,Low,24,18
2019,13,1,64,Bg-2,Mono,Low,50,20
2019,14,1,64,Bg-2,Mono,Low,37,21
2019,15,1,64,Bg-2,Mono,Low,34,20
2019,16,1,64,Bg-2,Mono,Low,44,25
2019,17,1,65,Uod-1,Poly,Low,49,25
2019,18,1,65,Bg-2,Poly,Low,34,24
2019,19,1,65,Uod-1,Poly,Low,48,23
2019,20,1,65,Bg-2,Poly,Low,36,22
2019,21,1,65,Bg-2,Poly,Low,48,25
2019,22,1,65,Uod-1,Poly,Low,38,21
2019,23,1,65,Bg-2,Poly,Low,32,18
2019,24,1,65,Uod-1,Poly,Low,41,24
2019,25,1,65,Uod-1,Poly,Low,44,23
2019,26,1,65,Bg-2,Poly,Low,52,21
2019,27,1,65,Uod-1,Poly,Low,44,18
2019,28,1,65,Bg-2,Poly,Low,17,22
2019,29,1,65,Bg-2,Poly,Low,26,21
2019,30,1,65,Uod-1,Poly,Low,31,26
2019,31,1,65,Bg-2,Poly,Low,37,19
2019,32,1,65,Uod-1,Poly,Low,27,26
2019,33,1,66,Uod-1,Mono,Low,41,21
2019,34,1,66,Uod-1,Mono,Low,46,20
2019,35,1,66,Uod-1,Mono,Low,95,20
2019,36,1,66,Uod-1,Mono,Low,50,20
2019,37,1,66,Uod-1,Mono,Low,49,17
2019,38,1,66,Uod-1,Mono,Low,52,25
2019,39,1,66,Uod-1,Mono,Low,29,23
2019,40,1,66,Uod-1,Mono,Low,33,22
2019,41,1,66,Uod-1,Mono,Low,41,20
2019,42,1,66,Uod-1,Mono,Low,61,17
2019,43,1,66,Uod-1,Mono,Low,79,19
2019,44,1,66,Uod-1,Mono,Low,88,18
2019,45,1,66,Uod-1,Mono,Low,76,20
2019,46,1,66,Uod-1,Mono,Low,71,23
2019,47,1,66,Uod-1,Mono,Low,57,22
2019,48,1,66,Uod-1,Mono,Low,90,21
2019,49,1,67,Vastervik,Mono,Low,28,24
2019,50,1,67,Vastervik,Mono,Low,20,27
2019,51,1,67,Vastervik,Mono,Low,17,22
2019,52,1,67,Vastervik,Mono,Low,15,24
2019,53,1,67,Vastervik,Mono,Low,25,24
2019,54,1,67,Vastervik,Mono,Low,31,25
2019,55,1,67,Vastervik,Mono,Low,23,25
2019,56,1,67,Vastervik,Mono,Low,28,23
2019,57,1,67,Vastervik,Mono,Low,32,29
2019,58,1,67,Vastervik,Mono,Low,26,23
2019,59,1,67,Vastervik,Mono,Low,11,26
2019,60,1,67,Vastervik,Mono,Low,23,27
2019,61,1,67,Vastervik,Mono,Low,20,24
2019,62,1,67,Vastervik,Mono,Low,28,27
2019,63,1,67,Vastervik,Mono,Low,29,23
2019,64,1,67,Vastervik,Mono,Low,30,24
2019,65,1,68,Jm-0,Poly,Low,43,19
2019,66,1,68,Vastervik,Poly,Low,23,24
2019,67,1,68,Jm-0,Poly,Low,34,25
2019,68,1,68,Vastervik,Poly,Low,26,23
2019,69,1,68,Vastervik,Poly,Low,19,19
2019,70,1,68,Jm-0,Poly,Low,37,19
2019,71,1,68,Vastervik,Poly,Low,32,17
2019,72,1,68,Jm-0,Poly,Low,30,15
2019,73,1,68,Jm-0,Poly,Low,27,12
2019,74,1,68,Vastervik,Poly,Low,21,20
2019,75,1,68,Jm-0,Poly,Low,33,14
2019,76,1,68,Vastervik,Poly,Low,19,15
2019,77,1,68,Vastervik,Poly,Low,40,20
2019,78,1,68,Jm-0,Poly,Low,35,13
2019,79,1,68,Vastervik,Poly,Low,25,18
2019,80,1,68,Jm-0,Poly,Low,72,14
2019,81,1,69,Jm-0,Mono,Low,25,15
2019,82,1,69,Jm-0,Mono,Low,26,19
2019,83,1,69,Jm-0,Mono,Low,32,20
2019,84,1,69,Jm-0,Mono,Low,44,15
2019,85,1,69,Jm-0,Mono,Low,56,14
2019,86,1,69,Jm-0,Mono,Low,48,16
2019,87,1,69,Jm-0,Mono,Low,78,19
2019,88,1,69,Jm-0,Mono,Low,44,14
2019,89,1,69,Jm-0,Mono,Low,40,10
2019,90,1,69,Jm-0,Mono,Low,46,20
2019,91,1,69,Jm-0,Mono,Low,42,12
2019,92,1,69,Jm-0,Mono,Low,95,21
2019,93,1,69,Jm-0,Mono,Low,75,16
2019,94,1,69,Jm-0,Mono,Low,53,22
2019,95,1,69,Jm-0,Mono,Low,48,11
2019,96,1,69,Jm-0,Mono,Low,67,15
2019,97,1,70,Bla-1,Mono,Low,92,20
2019,98,1,70,Bla-1,Mono,Low,53,23
2019,99,1,70,Bla-1,Mono,Low,52,18
2019,100,1,70,Bla-1,Mono,Low,63,21
2019,101,1,70,Bla-1,Mono,Low,58,22
2019,102,1,70,Bla-1,Mono,Low,77,20
2019,103,1,70,Bla-1,Mono,Low,58,21
2019,104,1,70,Bla-1,Mono,Low,58,15
2019,105,1,70,Bla-1,Mono,Low,60,23
2019,106,1,70,Bla-1,Mono,Low,107,22
2019,107,1,70,Bla-1,Mono,Low,40,26
2019,108,1,70,Bla-1,Mono,Low,39,20
2019,109,1,70,Bla-1,Mono,Low,69,22
2019,110,1,70,Bla-1,Mono,Low,83,30
2019,111,1,70,Bla-1,Mono,Low,106,24
2019,112,1,70,Bla-1,Mono,Low,70,21
2019,113,1,71,Bro1-6,Poly,Low,26,13
2019,114,1,71,Bla-1,Poly,Low,85,10
2019,115,1,71,Bro1-6,Poly,Low,31,14
2019,116,1,71,Bla-1,Poly,Low,51,18
2019,117,1,71,Bla-1,Poly,Low,58,22
2019,118,1,71,Bro1-6,Poly,Low,34,19
2019,119,1,71,Bla-1,Poly,Low,51,23
2019,120,1,71,Bro1-6,Poly,Low,29,19
2019,121,1,71,Bro1-6,Poly,Low,40,18
2019,122,1,71,Bla-1,Poly,Low,61,24
2019,123,1,71,Bro1-6,Poly,Low,41,20
2019,124,1,71,Bla-1,Poly,Low,84,25
2019,125,1,71,Bla-1,Poly,Low,28,18
2019,126,1,71,Bro1-6,Poly,Low,47,15
2019,127,1,71,Bla-1,Poly,Low,39,20
2019,128,1,71,Bro1-6,Poly,Low,31,15
2019,129,1,72,Bro1-6,Mono,Low,30,22
2019,130,1,72,Bro1-6,Mono,Low,35,20
2019,131,1,72,Bro1-6,Mono,Low,52,23
2019,132,1,72,Bro1-6,Mono,Low,46,22
2019,133,1,72,Bro1-6,Mono,Low,24,15
2019,134,1,72,Bro1-6,Mono,Low,32,18
2019,135,1,72,Bro1-6,Mono,Low,19,18
2019,136,1,72,Bro1-6,Mono,Low,27,16
2019,137,1,72,Bro1-6,Mono,Low,23,15
2019,138,1,72,Bro1-6,Mono,Low,36,20
2019,139,1,72,Bro1-6,Mono,Low,25,19
2019,140,1,72,Bro1-6,Mono,Low,38,20
2019,141,1,72,Bro1-6,Mono,Low,42,30
2019,142,1,72,Bro1-6,Mono,Low,35,20
2019,143,1,72,Bro1-6,Mono,Low,49,21
2019,144,1,72,Bro1-6,Mono,Low,49,20
2019,145,2,73,Bg-2,Mono,Low,42,18
2019,146,2,73,Bg-2,Mono,Low,41,18
2019,147,2,73,Bg-2,Mono,Low,21,20
2019,148,2,73,Bg-2,Mono,Low,43,21
2019,149,2,73,Bg-2,Mono,Low,33,21
2019,150,2,73,Bg-2,Mono,Low,39,23
2019,151,2,73,Bg-2,Mono,Low,35,17
2019,152,2,73,Bg-2,Mono,Low,34,18
2019,153,2,73,Bg-2,Mono,Low,27,15
2019,154,2,73,Bg-2,Mono,Low,35,18
2019,155,2,73,Bg-2,Mono,Low,24,20
2019,156,2,73,Bg-2,Mono,Low,38,17
2019,157,2,73,Bg-2,Mono,Low,53,20
2019,158,2,73,Bg-2,Mono,Low,46,26
2019,159,2,73,Bg-2,Mono,Low,51,20
2019,160,2,73,Bg-2,Mono,Low,42,23
2019,161,2,74,Uod-1,Poly,Low,81,24
2019,162,2,74,Bg-2,Poly,Low,49,18
2019,163,2,74,Uod-1,Poly,Low,73,19
2019,164,2,74,Bg-2,Poly,Low,39,12
2019,165,2,74,Bg-2,Poly,Low,42,20
2019,166,2,74,Uod-1,Poly,Low,69,20
2019,167,2,74,Bg-2,Poly,Low,68,20
2019,168,2,74,Uod-1,Poly,Low,65,22
2019,169,2,74,Uod-1,Poly,Low,60,24
2019,170,2,74,Bg-2,Poly,Low,38,23
2019,171,2,74,Uod-1,Poly,Low,60,25
2019,172,2,74,Bg-2,Poly,Low,22,21
2019,173,2,74,Bg-2,Poly,Low,39,25
2019,174,2,74,Uod-1,Poly,Low,32,20
2019,175,2,74,Bg-2,Poly,Low,35,20
2019,176,2,74,Uod-1,Poly,Low,66,22
2019,177,2,75,Uod-1,Mono,Low,138,21
2019,178,2,75,Uod-1,Mono,Low,76,23
2019,179,2,75,Uod-1,Mono,Low,85,18
2019,180,2,75,Uod-1,Mono,Low,59,20
2019,181,2,75,Uod-1,Mono,Low,97,15
2019,182,2,75,Uod-1,Mono,Low,77,17
2019,183,2,75,Uod-1,Mono,Low,50,23
2019,184,2,75,Uod-1,Mono,Low,87,15
2019,185,2,75,Uod-1,Mono,Low,95,20
2019,186,2,75,Uod-1,Mono,Low,77,20
2019,187,2,75,Uod-1,Mono,Low,59,19
2019,188,2,75,Uod-1,Mono,Low,65,18
2019,189,2,75,Uod-1,Mono,Low,80,20
2019,190,2,75,Uod-1,Mono,Low,77,20
2019,191,2,75,Uod-1,Mono,Low,100,24
2019,192,2,75,Uod-1,Mono,Low,88,15
2019,193,2,76,Vastervik,Mono,Low,72,20
2019,194,2,76,Vastervik,Mono,Low,35,23
2019,195,2,76,Vastervik,Mono,Low,35,22
2019,196,2,76,Vastervik,Mono,Low,50,21
2019,197,2,76,Vastervik,Mono,Low,42,22
2019,198,2,76,Vastervik,Mono,Low,37,25
2019,199,2,76,Vastervik,Mono,Low,28,23
2019,200,2,76,Vastervik,Mono,Low,22,21
2019,201,2,76,Vastervik,Mono,Low,35,20
2019,202,2,76,Vastervik,Mono,Low,22,26
2019,203,2,76,Vastervik,Mono,Low,34,23
2019,204,2,76,Vastervik,Mono,Low,22,24
2019,205,2,76,Vastervik,Mono,Low,62,28
2019,206,2,76,Vastervik,Mono,Low,40,27
2019,207,2,76,Vastervik,Mono,Low,32,22
2019,208,2,76,Vastervik,Mono,Low,42,27
2019,209,2,77,Jm-0,Poly,Low,39,16
2019,210,2,77,Vastervik,Poly,Low,18,24
2019,211,2,77,Jm-0,Poly,Low,24,16
2019,212,2,77,Vastervik,Poly,Low,17,21
2019,213,2,77,Vastervik,Poly,Low,26,20
2019,214,2,77,Jm-0,Poly,Low,13,12
2019,215,2,77,Vastervik,Poly,Low,26,20
2019,216,2,77,Jm-0,Poly,Low,20,11
2019,217,2,77,Jm-0,Poly,Low,35,11
2019,218,2,77,Vastervik,Poly,Low,19,19
2019,219,2,77,Jm-0,Poly,Low,21,10
2019,220,2,77,Vastervik,Poly,Low,16,16
2019,221,2,77,Vastervik,Poly,Low,23,20
2019,222,2,77,Jm-0,Poly,Low,23,10
2019,223,2,77,Vastervik,Poly,Low,17,21
2019,224,2,77,Jm-0,Poly,Low,35,20
2019,225,2,78,Jm-0,Mono,Low,57,20
2019,226,2,78,Jm-0,Mono,Low,43,15
2019,227,2,78,Jm-0,Mono,Low,59,19
2019,228,2,78,Jm-0,Mono,Low,58,13
2019,229,2,78,Jm-0,Mono,Low,43,15
2019,230,2,78,Jm-0,Mono,Low,39,15
2019,231,2,78,Jm-0,Mono,Low,31,10
2019,232,2,78,Jm-0,Mono,Low,54,16
2019,233,2,78,Jm-0,Mono,Low,38,9
2019,234,2,78,Jm-0,Mono,Low,33,20
2019,235,2,78,Jm-0,Mono,Low,82,15
2019,236,2,78,Jm-0,Mono,Low,47,13
2019,237,2,78,Jm-0,Mono,Low,54,19
2019,238,2,78,Jm-0,Mono,Low,34,17
2019,239,2,78,Jm-0,Mono,Low,68,21
2019,240,2,78,Jm-0,Mono,Low,63,19
2019,241,2,79,Bla-1,Mono,Low,96,22
2019,242,2,79,Bla-1,Mono,Low,44,23
2019,243,2,79,Bla-1,Mono,Low,57,25
2019,244,2,79,Bla-1,Mono,Low,84,22
2019,245,2,79,Bla-1,Mono,Low,103,23
2019,246,2,79,Bla-1,Mono,Low,56,20
2019,247,2,79,Bla-1,Mono,Low,59,26
2019,248,2,79,Bla-1,Mono,Low,77,24
2019,249,2,79,Bla-1,Mono,Low,98,25
2019,250,2,79,Bla-1,Mono,Low,31,25
2019,251,2,79,Bla-1,Mono,Low,35,21
2019,252,2,79,Bla-1,Mono,Low,46,24
2019,253,2,79,Bla-1,Mono,Low,97,31
2019,254,2,79,Bla-1,Mono,Low,38,22
2019,255,2,79,Bla-1,Mono,Low,64,26
2019,256,2,79,Bla-1,Mono,Low,102,26
2019,257,2,80,Bro1-6,Poly,Low,33,10
2019,258,2,80,Bla-1,Poly,Low,79,22
2019,259,2,80,Bro1-6,Poly,Low,64,21
2019,260,2,80,Bla-1,Poly,Low,37,19
2019,261,2,80,Bla-1,Poly,Low,115,22
2019,262,2,80,Bro1-6,Poly,Low,32,15
2019,263,2,80,Bla-1,Poly,Low,64,14
2019,264,2,80,Bro1-6,Poly,Low,NA,8
2019,265,2,80,Bro1-6,Poly,Low,34,17
2019,266,2,80,Bla-1,Poly,Low,51,19
2019,267,2,80,Bro1-6,Poly,Low,39,16
2019,268,2,80,Bla-1,Poly,Low,74,25
2019,269,2,80,Bla-1,Poly,Low,87,20
2019,270,2,80,Bro1-6,Poly,Low,44,23
2019,271,2,80,Bla-1,Poly,Low,62,21
2019,272,2,80,Bro1-6,Poly,Low,29,22
2019,273,2,81,Bro1-6,Mono,Low,NA,17
2019,274,2,81,Bro1-6,Mono,Low,45,18
2019,275,2,81,Bro1-6,Mono,Low,31,16
2019,276,2,81,Bro1-6,Mono,Low,43,19
2019,277,2,81,Bro1-6,Mono,Low,30,18
2019,278,2,81,Bro1-6,Mono,Low,35,20
2019,279,2,81,Bro1-6,Mono,Low,21,16
2019,280,2,81,Bro1-6,Mono,Low,45,21
2019,281,2,81,Bro1-6,Mono,Low,82,26
2019,282,2,81,Bro1-6,Mono,Low,46,18
2019,283,2,81,Bro1-6,Mono,Low,35,21
2019,284,2,81,Bro1-6,Mono,Low,30,19
2019,285,2,81,Bro1-6,Mono,Low,45,20
2019,286,2,81,Bro1-6,Mono,Low,34,17
2019,287,2,81,Bro1-6,Mono,Low,34,12
2019,288,2,81,Bro1-6,Mono,Low,50,19
2019,289,3,82,Bg-2,Mono,Low,31,20
2019,290,3,82,Bg-2,Mono,Low,34,21
2019,291,3,82,Bg-2,Mono,Low,25,19
2019,292,3,82,Bg-2,Mono,Low,28,15
2019,293,3,82,Bg-2,Mono,Low,26,20
2019,294,3,82,Bg-2,Mono,Low,34,21
2019,295,3,82,Bg-2,Mono,Low,38,15
2019,296,3,82,Bg-2,Mono,Low,62,28
2019,297,3,82,Bg-2,Mono,Low,34,22
2019,298,3,82,Bg-2,Mono,Low,26,18
2019,299,3,82,Bg-2,Mono,Low,28,20
2019,300,3,82,Bg-2,Mono,Low,35,22
2019,301,3,82,Bg-2,Mono,Low,35,18
2019,302,3,82,Bg-2,Mono,Low,29,22
2019,303,3,82,Bg-2,Mono,Low,64,23
2019,304,3,82,Bg-2,Mono,Low,41,20
2019,305,3,83,Uod-1,Poly,Low,81,20
2019,306,3,83,Bg-2,Poly,Low,77,18
2019,307,3,83,Uod-1,Poly,Low,65,21
2019,308,3,83,Bg-2,Poly,Low,69,21
2019,309,3,83,Bg-2,Poly,Low,42,25
2019,310,3,83,Uod-1,Poly,Low,65,19
2019,311,3,83,Bg-2,Poly,Low,36,23
2019,312,3,83,Uod-1,Poly,Low,55,22
2019,313,3,83,Uod-1,Poly,Low,55,22
2019,314,3,83,Bg-2,Poly,Low,31,20
2019,315,3,83,Uod-1,Poly,Low,38,24
2019,316,3,83,Bg-2,Poly,Low,26,23
2019,317,3,83,Bg-2,Poly,Low,32,22
2019,318,3,83,Uod-1,Poly,Low,75,20
2019,319,3,83,Bg-2,Poly,Low,22,21
2019,320,3,83,Uod-1,Poly,Low,26,22
2019,321,3,84,Uod-1,Mono,Low,103,22
2019,322,3,84,Uod-1,Mono,Low,41,20
2019,323,3,84,Uod-1,Mono,Low,42,21
2019,324,3,84,Uod-1,Mono,Low,48,23
2019,325,3,84,Uod-1,Mono,Low,48,22
2019,326,3,84,Uod-1,Mono,Low,60,20
2019,327,3,84,Uod-1,Mono,Low,50,25
2019,328,3,84,Uod-1,Mono,Low,44,23
2019,329,3,84,Uod-1,Mono,Low,71,16
2019,330,3,84,Uod-1,Mono,Low,37,21
2019,331,3,84,Uod-1,Mono,Low,52,26
2019,332,3,84,Uod-1,Mono,Low,42,20
2019,333,3,84,Uod-1,Mono,Low,63,15
2019,334,3,84,Uod-1,Mono,Low,56,23
2019,335,3,84,Uod-1,Mono,Low,52,16
2019,336,3,84,Uod-1,Mono,Low,49,28
2019,337,3,85,Vastervik,Mono,Low,34,20
2019,338,3,85,Vastervik,Mono,Low,31,25
2019,339,3,85,Vastervik,Mono,Low,30,24
2019,340,3,85,Vastervik,Mono,Low,28,20
2019,341,3,85,Vastervik,Mono,Low,24,21
2019,342,3,85,Vastervik,Mono,Low,23,22
2019,343,3,85,Vastervik,Mono,Low,22,25
2019,344,3,85,Vastervik,Mono,Low,24,22
2019,345,3,85,Vastervik,Mono,Low,29,20
2019,346,3,85,Vastervik,Mono,Low,19,20
2019,347,3,85,Vastervik,Mono,Low,21,21
2019,348,3,85,Vastervik,Mono,Low,20,23
2019,349,3,85,Vastervik,Mono,Low,25,19
2019,350,3,85,Vastervik,Mono,Low,40,23
2019,351,3,85,Vastervik,Mono,Low,35,21
2019,352,3,85,Vastervik,Mono,Low,38,20
2019,353,3,86,Jm-0,Poly,Low,51,17
2019,354,3,86,Vastervik,Poly,Low,30,21
2019,355,3,86,Jm-0,Poly,Low,45,20
2019,356,3,86,Vastervik,Poly,Low,20,24
2019,357,3,86,Vastervik,Poly,Low,32,21
2019,358,3,86,Jm-0,Poly,Low,21,19
2019,359,3,86,Vastervik,Poly,Low,23,24
2019,360,3,86,Jm-0,Poly,Low,27,20
2019,361,3,86,Jm-0,Poly,Low,53,20
2019,362,3,86,Vastervik,Poly,Low,14,22
2019,363,3,86,Jm-0,Poly,Low,32,15
2019,364,3,86,Vastervik,Poly,Low,20,20
2019,365,3,86,Vastervik,Poly,Low,28,23
2019,366,3,86,Jm-0,Poly,Low,42,24
2019,367,3,86,Vastervik,Poly,Low,26,23
2019,368,3,86,Jm-0,Poly,Low,52,24
2019,369,3,87,Jm-0,Mono,Low,61,21
2019,370,3,87,Jm-0,Mono,Low,38,10
2019,371,3,87,Jm-0,Mono,Low,46,15
2019,372,3,87,Jm-0,Mono,Low,59,24
2019,373,3,87,Jm-0,Mono,Low,57,15
2019,374,3,87,Jm-0,Mono,Low,44,15
2019,375,3,87,Jm-0,Mono,Low,53,23
2019,376,3,87,Jm-0,Mono,Low,47,20
2019,377,3,87,Jm-0,Mono,Low,54,15
2019,378,3,87,Jm-0,Mono,Low,70,26
2019,379,3,87,Jm-0,Mono,Low,46,20
2019,380,3,87,Jm-0,Mono,Low,58,18
2019,381,3,87,Jm-0,Mono,Low,55,17
2019,382,3,87,Jm-0,Mono,Low,61,20
2019,383,3,87,Jm-0,Mono,Low,56,21
2019,384,3,87,Jm-0,Mono,Low,39,15
2019,385,3,88,Bla-1,Mono,Low,62,23
2019,386,3,88,Bla-1,Mono,Low,70,21
2019,387,3,88,Bla-1,Mono,Low,69,20
2019,388,3,88,Bla-1,Mono,Low,119,22
2019,389,3,88,Bla-1,Mono,Low,76,23
2019,390,3,88,Bla-1,Mono,Low,62,24
2019,391,3,88,Bla-1,Mono,Low,59,23
2019,392,3,88,Bla-1,Mono,Low,64,20
2019,393,3,88,Bla-1,Mono,Low,46,25
2019,394,3,88,Bla-1,Mono,Low,84,21
2019,395,3,88,Bla-1,Mono,Low,36,20
2019,396,3,88,Bla-1,Mono,Low,52,24
2019,397,3,88,Bla-1,Mono,Low,58,25
2019,398,3,88,Bla-1,Mono,Low,74,21
2019,399,3,88,Bla-1,Mono,Low,88,28
2019,400,3,88,Bla-1,Mono,Low,103,23
2019,401,3,89,Bro1-6,Poly,Low,49,15
2019,402,3,89,Bla-1,Poly,Low,116,25
2019,403,3,89,Bro1-6,Poly,Low,36,15
2019,404,3,89,Bla-1,Poly,Low,71,21
2019,405,3,89,Bla-1,Poly,Low,68,22
2019,406,3,89,Bro1-6,Poly,Low,18,17
2019,407,3,89,Bla-1,Poly,Low,43,21
2019,408,3,89,Bro1-6,Poly,Low,27,20
2019,409,3,89,Bro1-6,Poly,Low,25,19
2019,410,3,89,Bla-1,Poly,Low,29,23
2019,411,3,89,Bro1-6,Poly,Low,27,16
2019,412,3,89,Bla-1,Poly,Low,53,20
2019,413,3,89,Bla-1,Poly,Low,76,26
2019,414,3,89,Bro1-6,Poly,Low,41,23
2019,415,3,89,Bla-1,Poly,Low,95,30
2019,416,3,89,Bro1-6,Poly,Low,27,16
2019,417,3,90,Bro1-6,Mono,Low,36,19
2019,418,3,90,Bro1-6,Mono,Low,38,15
2019,419,3,90,Bro1-6,Mono,Low,43,29
2019,420,3,90,Bro1-6,Mono,Low,42,20
2019,421,3,90,Bro1-6,Mono,Low,33,20
2019,422,3,90,Bro1-6,Mono,Low,22,10
2019,423,3,90,Bro1-6,Mono,Low,42,19
2019,424,3,90,Bro1-6,Mono,Low,34,20
2019,425,3,90,Bro1-6,Mono,Low,30,18
2019,426,3,90,Bro1-6,Mono,Low,19,17
2019,427,3,90,Bro1-6,Mono,Low,38,21
2019,428,3,90,Bro1-6,Mono,Low,30,13
2019,429,3,90,Bro1-6,Mono,Low,49,15
2019,430,3,90,Bro1-6,Mono,Low,32,19
2019,431,3,90,Bro1-6,Mono,Low,41,18
2019,432,3,90,Bro1-6,Mono,Low,49,21
2019,433,4,91,Bg-2,Mono,High,60,20
2019,434,4,91,Bg-2,Mono,High,43,21
2019,435,4,91,Bg-2,Mono,High,41,25
2019,436,4,91,Bg-2,Mono,High,67,27
2019,437,4,92,Bg-2,Mono,High,79,21
2019,438,4,92,Bg-2,Mono,High,58,25
2019,439,4,92,Bg-2,Mono,High,52,20
2019,440,4,92,Bg-2,Mono,High,49,20
2019,441,4,91,Bg-2,Mono,High,57,15
2019,442,4,91,Bg-2,Mono,High,41,14
2019,443,4,91,Bg-2,Mono,High,66,17
2019,444,4,91,Bg-2,Mono,High,76,25
2019,445,4,92,Bg-2,Mono,High,45,18
2019,446,4,92,Bg-2,Mono,High,69,25
2019,447,4,92,Bg-2,Mono,High,74,23
2019,448,4,92,Bg-2,Mono,High,61,25
2019,449,4,91,Bg-2,Mono,High,29,20
2019,450,4,91,Bg-2,Mono,High,60,19
2019,451,4,91,Bg-2,Mono,High,53,15
2019,452,4,91,Bg-2,Mono,High,34,20
2019,453,4,92,Bg-2,Mono,High,56,21
2019,454,4,92,Bg-2,Mono,High,62,18
2019,455,4,92,Bg-2,Mono,High,37,23
2019,456,4,92,Bg-2,Mono,High,78,21
2019,457,4,91,Bg-2,Mono,High,60,16
2019,458,4,91,Bg-2,Mono,High,40,22
2019,459,4,91,Bg-2,Mono,High,36,13
2019,460,4,91,Bg-2,Mono,High,56,18
2019,461,4,92,Bg-2,Mono,High,33,20
2019,462,4,92,Bg-2,Mono,High,21,19
2019,463,4,92,Bg-2,Mono,High,47,24
2019,464,4,92,Bg-2,Mono,High,36,20
2019,465,4,93,Bg-2,Mono,High,49,25
2019,466,4,93,Bg-2,Mono,High,37,20
2019,467,4,93,Bg-2,Mono,High,30,20
2019,468,4,93,Bg-2,Mono,High,39,20
2019,469,4,94,Bg-2,Mono,High,32,20
2019,470,4,94,Bg-2,Mono,High,28,22
2019,471,4,94,Bg-2,Mono,High,14,20
2019,472,4,94,Bg-2,Mono,High,45,24
2019,473,4,93,Bg-2,Mono,High,47,20
2019,474,4,93,Bg-2,Mono,High,47,21
2019,475,4,93,Bg-2,Mono,High,62,16
2019,476,4,93,Bg-2,Mono,High,19,20
2019,477,4,94,Bg-2,Mono,High,27,18
2019,478,4,94,Bg-2,Mono,High,46,21
2019,479,4,94,Bg-2,Mono,High,36,20
2019,480,4,94,Bg-2,Mono,High,37,20
2019,481,4,93,Bg-2,Mono,High,105,15
2019,482,4,93,Bg-2,Mono,High,32,19
2019,483,4,93,Bg-2,Mono,High,44,21
2019,484,4,93,Bg-2,Mono,High,43,22
2019,485,4,94,Bg-2,Mono,High,30,20
2019,486,4,94,Bg-2,Mono,High,59,26
2019,487,4,94,Bg-2,Mono,High,26,15
2019,488,4,94,Bg-2,Mono,High,30,14
2019,489,4,93,Bg-2,Mono,High,82,25
2019,490,4,93,Bg-2,Mono,High,72,22
2019,491,4,93,Bg-2,Mono,High,75,21
2019,492,4,93,Bg-2,Mono,High,51,20
2019,493,4,94,Bg-2,Mono,High,45,25
2019,494,4,94,Bg-2,Mono,High,48,24
2019,495,4,94,Bg-2,Mono,High,58,23
2019,496,4,94,Bg-2,Mono,High,45,15
2019,497,4,95,Uod-1,Poly,High,57,24
2019,498,4,95,Bg-2,Poly,High,41,21
2019,499,4,95,Uod-1,Poly,High,39,15
2019,500,4,95,Bg-2,Poly,High,41,22
2019,501,4,96,Uod-1,Poly,High,44,19
2019,502,4,96,Bg-2,Poly,High,23,18
2019,503,4,96,Uod-1,Poly,High,41,23
2019,504,4,96,Bg-2,Poly,High,27,29
2019,505,4,95,Bg-2,Poly,High,41,20
2019,506,4,95,Uod-1,Poly,High,47,19
2019,507,4,95,Bg-2,Poly,High,32,21
2019,508,4,95,Uod-1,Poly,High,31,20
2019,509,4,96,Bg-2,Poly,High,12,15
2019,510,4,96,Uod-1,Poly,High,22,19
2019,511,4,96,Bg-2,Poly,High,47,25
2019,512,4,96,Uod-1,Poly,High,46,28
2019,513,4,95,Uod-1,Poly,High,74,21
2019,514,4,95,Bg-2,Poly,High,30,20
2019,515,4,95,Uod-1,Poly,High,46,25
2019,516,4,95,Bg-2,Poly,High,30,20
2019,517,4,96,Uod-1,Poly,High,30,23
2019,518,4,96,Bg-2,Poly,High,62,24
2019,519,4,96,Uod-1,Poly,High,30,20
2019,520,4,96,Bg-2,Poly,High,30,20
2019,521,4,95,Bg-2,Poly,High,30,24
2019,522,4,95,Uod-1,Poly,High,38,25
2019,523,4,95,Bg-2,Poly,High,53,23
2019,524,4,95,Uod-1,Poly,High,36,20
2019,525,4,96,Bg-2,Poly,High,21,22
2019,526,4,96,Uod-1,Poly,High,48,24
2019,527,4,96,Bg-2,Poly,High,37,23
2019,528,4,96,Uod-1,Poly,High,24,24
2019,529,4,97,Uod-1,Poly,High,79,25
2019,530,4,97,Bg-2,Poly,High,26,18
2019,531,4,97,Uod-1,Poly,High,48,25
2019,532,4,97,Bg-2,Poly,High,20,20
2019,533,4,98,Uod-1,Poly,High,47,24
2019,534,4,98,Bg-2,Poly,High,32,20
2019,535,4,98,Uod-1,Poly,High,40,19
2019,536,4,98,Bg-2,Poly,High,41,25
2019,537,4,97,Bg-2,Poly,High,43,20
2019,538,4,97,Uod-1,Poly,High,27,19
2019,539,4,97,Bg-2,Poly,High,60,20
2019,540,4,97,Uod-1,Poly,High,35,20
2019,541,4,98,Bg-2,Poly,High,26,23
2019,542,4,98,Uod-1,Poly,High,38,23
2019,543,4,98,Bg-2,Poly,High,36,24
2019,544,4,98,Uod-1,Poly,High,44,27
2019,545,4,97,Uod-1,Poly,High,56,17
2019,546,4,97,Bg-2,Poly,High,56,23
2019,547,4,97,Uod-1,Poly,High,35,20
2019,548,4,97,Bg-2,Poly,High,24,19
2019,549,4,98,Uod-1,Poly,High,40,25
2019,550,4,98,Bg-2,Poly,High,49,24
2019,551,4,98,Uod-1,Poly,High,30,21
2019,552,4,98,Bg-2,Poly,High,53,25
2019,553,4,97,Bg-2,Poly,High,31,20
2019,554,4,97,Uod-1,Poly,High,33,17
2019,555,4,97,Bg-2,Poly,High,29,25
2019,556,4,97,Uod-1,Poly,High,78,30
2019,557,4,98,Bg-2,Poly,High,34,20
2019,558,4,98,Uod-1,Poly,High,45,25
2019,559,4,98,Bg-2,Poly,High,23,20
2019,560,4,98,Uod-1,Poly,High,35,20
2019,561,4,99,Uod-1,Mono,High,34,20
2019,562,4,99,Uod-1,Mono,High,44,22
2019,563,4,99,Uod-1,Mono,High,32,15
2019,564,4,99,Uod-1,Mono,High,60,17
2019,565,4,100,Uod-1,Mono,High,33,20
2019,566,4,100,Uod-1,Mono,High,29,15
2019,567,4,100,Uod-1,Mono,High,53,18
2019,568,4,100,Uod-1,Mono,High,28,19
2019,569,4,99,Uod-1,Mono,High,81,20
2019,570,4,99,Uod-1,Mono,High,40,21
2019,571,4,99,Uod-1,Mono,High,58,20
2019,572,4,99,Uod-1,Mono,High,43,17
2019,573,4,100,Uod-1,Mono,High,68,22
2019,574,4,100,Uod-1,Mono,High,56,25
2019,575,4,100,Uod-1,Mono,High,63,14
2019,576,4,100,Uod-1,Mono,High,45,21
2019,577,4,99,Uod-1,Mono,High,55,23
2019,578,4,99,Uod-1,Mono,High,39,25
2019,579,4,99,Uod-1,Mono,High,65,25
2019,580,4,99,Uod-1,Mono,High,100,23
2019,581,4,100,Uod-1,Mono,High,41,21
2019,582,4,100,Uod-1,Mono,High,39,22
2019,583,4,100,Uod-1,Mono,High,40,21
2019,584,4,100,Uod-1,Mono,High,70,23
2019,585,4,99,Uod-1,Mono,High,79,22
2019,586,4,99,Uod-1,Mono,High,84,25
2019,587,4,99,Uod-1,Mono,High,64,20
2019,588,4,99,Uod-1,Mono,High,45,19
2019,589,4,100,Uod-1,Mono,High,46,18
2019,590,4,100,Uod-1,Mono,High,62,20
2019,591,4,100,Uod-1,Mono,High,58,19
2019,592,4,100,Uod-1,Mono,High,39,18
2019,593,4,101,Uod-1,Mono,High,56,20
2019,594,4,101,Uod-1,Mono,High,59,18
2019,595,4,101,Uod-1,Mono,High,67,19
2019,596,4,101,Uod-1,Mono,High,58,20
2019,597,4,102,Uod-1,Mono,High,51,21
2019,598,4,102,Uod-1,Mono,High,62,20
2019,599,4,102,Uod-1,Mono,High,36,19
2019,600,4,102,Uod-1,Mono,High,60,26
2019,601,4,101,Uod-1,Mono,High,67,19
2019,602,4,101,Uod-1,Mono,High,42,26
2019,603,4,101,Uod-1,Mono,High,67,21
2019,604,4,101,Uod-1,Mono,High,65,22
2019,605,4,102,Uod-1,Mono,High,47,20
2019,606,4,102,Uod-1,Mono,High,40,20
2019,607,4,102,Uod-1,Mono,High,67,21
2019,608,4,102,Uod-1,Mono,High,57,16
2019,609,4,101,Uod-1,Mono,High,61,20
2019,610,4,101,Uod-1,Mono,High,37,23
2019,611,4,101,Uod-1,Mono,High,67,22
2019,612,4,101,Uod-1,Mono,High,60,23
2019,613,4,102,Uod-1,Mono,High,63,20
2019,614,4,102,Uod-1,Mono,High,42,30
2019,615,4,102,Uod-1,Mono,High,52,23
2019,616,4,102,Uod-1,Mono,High,61,25
2019,617,4,101,Uod-1,Mono,High,35,23
2019,618,4,101,Uod-1,Mono,High,49,22
2019,619,4,101,Uod-1,Mono,High,38,20
2019,620,4,101,Uod-1,Mono,High,99,26
2019,621,4,102,Uod-1,Mono,High,55,23
2019,622,4,102,Uod-1,Mono,High,49,25
2019,623,4,102,Uod-1,Mono,High,40,21
2019,624,4,102,Uod-1,Mono,High,77,27
2019,625,5,103,Vastervik,Mono,High,35,25
2019,626,5,103,Vastervik,Mono,High,48,22
2019,627,5,103,Vastervik,Mono,High,37,26
2019,628,5,103,Vastervik,Mono,High,39,28
2019,629,5,104,Vastervik,Mono,High,47,22
2019,630,5,104,Vastervik,Mono,High,34,22
2019,631,5,104,Vastervik,Mono,High,37,20
2019,632,5,104,Vastervik,Mono,High,42,25
2019,633,5,103,Vastervik,Mono,High,60,24
2019,634,5,103,Vastervik,Mono,High,32,21
2019,635,5,103,Vastervik,Mono,High,47,28
2019,636,5,103,Vastervik,Mono,High,41,25
2019,637,5,104,Vastervik,Mono,High,62,25
2019,638,5,104,Vastervik,Mono,High,52,24
2019,639,5,104,Vastervik,Mono,High,42,27
2019,640,5,104,Vastervik,Mono,High,38,23
2019,641,5,103,Vastervik,Mono,High,41,24
2019,642,5,103,Vastervik,Mono,High,19,25
2019,643,5,103,Vastervik,Mono,High,38,23
2019,644,5,103,Vastervik,Mono,High,54,27
2019,645,5,104,Vastervik,Mono,High,32,25
2019,646,5,104,Vastervik,Mono,High,54,28
2019,647,5,104,Vastervik,Mono,High,47,24
2019,648,5,104,Vastervik,Mono,High,31,24
2019,649,5,103,Vastervik,Mono,High,61,26
2019,650,5,103,Vastervik,Mono,High,51,25
2019,651,5,103,Vastervik,Mono,High,61,31
2019,652,5,103,Vastervik,Mono,High,57,24
2019,653,5,104,Vastervik,Mono,High,32,25
2019,654,5,104,Vastervik,Mono,High,35,24
2019,655,5,104,Vastervik,Mono,High,56,25
2019,656,5,104,Vastervik,Mono,High,41,26
2019,657,5,105,Vastervik,Mono,High,24,25
2019,658,5,105,Vastervik,Mono,High,79,28
2019,659,5,105,Vastervik,Mono,High,29,25
2019,660,5,105,Vastervik,Mono,High,42,25
2019,661,5,106,Vastervik,Mono,High,32,24
2019,662,5,106,Vastervik,Mono,High,71,23
2019,663,5,106,Vastervik,Mono,High,36,22
2019,664,5,106,Vastervik,Mono,High,43,25
2019,665,5,105,Vastervik,Mono,High,41,26
2019,666,5,105,Vastervik,Mono,High,32,23
2019,667,5,105,Vastervik,Mono,High,37,29
2019,668,5,105,Vastervik,Mono,High,30,25
2019,669,5,106,Vastervik,Mono,High,43,25
2019,670,5,106,Vastervik,Mono,High,44,17
2019,671,5,106,Vastervik,Mono,High,42,23
2019,672,5,106,Vastervik,Mono,High,38,21
2019,673,5,105,Vastervik,Mono,High,58,22
2019,674,5,105,Vastervik,Mono,High,44,26
2019,675,5,105,Vastervik,Mono,High,39,26
2019,676,5,105,Vastervik,Mono,High,110,27
2019,677,5,106,Vastervik,Mono,High,27,22
2019,678,5,106,Vastervik,Mono,High,23,25
2019,679,5,106,Vastervik,Mono,High,31,28
2019,680,5,106,Vastervik,Mono,High,42,30
2019,681,5,105,Vastervik,Mono,High,47,21
2019,682,5,105,Vastervik,Mono,High,39,30
2019,683,5,105,Vastervik,Mono,High,46,30
2019,684,5,105,Vastervik,Mono,High,38,27
2019,685,5,106,Vastervik,Mono,High,58,26
2019,686,5,106,Vastervik,Mono,High,42,26
2019,687,5,106,Vastervik,Mono,High,57,29
2019,688,5,106,Vastervik,Mono,High,32,25
2019,689,5,107,Jm-0,Poly,High,72,4
2019,690,5,107,Vastervik,Poly,High,28,22
2019,691,5,107,Jm-0,Poly,High,34,20
2019,692,5,107,Vastervik,Poly,High,48,15
2019,693,5,108,Jm-0,Poly,High,40,24
2019,694,5,108,Vastervik,Poly,High,37,22
2019,695,5,108,Jm-0,Poly,High,58,24
2019,696,5,108,Vastervik,Poly,High,25,16
2019,697,5,107,Vastervik,Poly,High,29,21
2019,698,5,107,Jm-0,Poly,High,50,30
2019,699,5,107,Vastervik,Poly,High,40,20
2019,700,5,107,Jm-0,Poly,High,44,20
2019,701,5,108,Vastervik,Poly,High,36,15
2019,702,5,108,Jm-0,Poly,High,28,20
2019,703,5,108,Vastervik,Poly,High,35,12
2019,704,5,108,Jm-0,Poly,High,43,22
2019,705,5,107,Jm-0,Poly,High,34,13
2019,706,5,107,Vastervik,Poly,High,33,8
2019,707,5,107,Jm-0,Poly,High,66,20
2019,708,5,107,Vastervik,Poly,High,20,17
2019,709,5,108,Jm-0,Poly,High,23,21
2019,710,5,108,Vastervik,Poly,High,20,13
2019,711,5,108,Jm-0,Poly,High,21,20
2019,712,5,108,Vastervik,Poly,High,21,13
2019,713,5,107,Vastervik,Poly,High,42,18
2019,714,5,107,Jm-0,Poly,High,48,21
2019,715,5,107,Vastervik,Poly,High,24,17
2019,716,5,107,Jm-0,Poly,High,15,21
2019,717,5,108,Vastervik,Poly,High,20,16
2019,718,5,108,Jm-0,Poly,High,45,20
2019,719,5,108,Vastervik,Poly,High,17,20
2019,720,5,108,Jm-0,Poly,High,48,21
2019,721,5,109,Jm-0,Poly,High,46,17
2019,722,5,109,Vastervik,Poly,High,26,13
2019,723,5,109,Jm-0,Poly,High,56,24
2019,724,5,109,Vastervik,Poly,High,26,28
2019,725,5,110,Jm-0,Poly,High,31,20
2019,726,5,110,Vastervik,Poly,High,21,20
2019,727,5,110,Jm-0,Poly,High,23,20
2019,728,5,110,Vastervik,Poly,High,33,13
2019,729,5,109,Vastervik,Poly,High,26,24
2019,730,5,109,Jm-0,Poly,High,32,23
2019,731,5,109,Vastervik,Poly,High,18,15
2019,732,5,109,Jm-0,Poly,High,39,23
2019,733,5,110,Vastervik,Poly,High,20,14
2019,734,5,110,Jm-0,Poly,High,29,20
2019,735,5,110,Vastervik,Poly,High,25,12
2019,736,5,110,Jm-0,Poly,High,32,20
2019,737,5,109,Jm-0,Poly,High,56,18
2019,738,5,109,Vastervik,Poly,High,37,18
2019,739,5,109,Jm-0,Poly,High,52,23
2019,740,5,109,Vastervik,Poly,High,20,23
2019,741,5,110,Jm-0,Poly,High,47,28
2019,742,5,110,Vastervik,Poly,High,26,16
2019,743,5,110,Jm-0,Poly,High,35,25
2019,744,5,110,Vastervik,Poly,High,30,16
2019,745,5,109,Vastervik,Poly,High,27,25
2019,746,5,109,Jm-0,Poly,High,37,25
2019,747,5,109,Vastervik,Poly,High,21,20
2019,748,5,109,Jm-0,Poly,High,25,24
2019,749,5,110,Vastervik,Poly,High,36,20
2019,750,5,110,Jm-0,Poly,High,37,15
2019,751,5,110,Vastervik,Poly,High,21,20
2019,752,5,110,Jm-0,Poly,High,79,20
2019,753,5,111,Jm-0,Mono,High,88,24
2019,754,5,111,Jm-0,Mono,High,31,10
2019,755,5,111,Jm-0,Mono,High,59,19
2019,756,5,111,Jm-0,Mono,High,31,13
2019,757,5,112,Jm-0,Mono,High,41,15
2019,758,5,112,Jm-0,Mono,High,38,13
2019,759,5,112,Jm-0,Mono,High,47,20
2019,760,5,112,Jm-0,Mono,High,49,23
2019,761,5,111,Jm-0,Mono,High,52,20
2019,762,5,111,Jm-0,Mono,High,32,14
2019,763,5,111,Jm-0,Mono,High,32,11
2019,764,5,111,Jm-0,Mono,High,73,19
2019,765,5,112,Jm-0,Mono,High,53,19
2019,766,5,112,Jm-0,Mono,High,33,10
2019,767,5,112,Jm-0,Mono,High,75,22
2019,768,5,112,Jm-0,Mono,High,64,16
2019,769,5,111,Jm-0,Mono,High,58,13
2019,770,5,111,Jm-0,Mono,High,62,15
2019,771,5,111,Jm-0,Mono,High,66,25
2019,772,5,111,Jm-0,Mono,High,40,15
2019,773,5,112,Jm-0,Mono,High,58,14
2019,774,5,112,Jm-0,Mono,High,57,19
2019,775,5,112,Jm-0,Mono,High,29,12
2019,776,5,112,Jm-0,Mono,High,52,21
2019,777,5,111,Jm-0,Mono,High,77,20
2019,778,5,111,Jm-0,Mono,High,59,20
2019,779,5,111,Jm-0,Mono,High,57,19
2019,780,5,111,Jm-0,Mono,High,25,10
2019,781,5,112,Jm-0,Mono,High,44,15
2019,782,5,112,Jm-0,Mono,High,77,24
2019,783,5,112,Jm-0,Mono,High,32,19
2019,784,5,112,Jm-0,Mono,High,69,21
2019,785,5,113,Jm-0,Mono,High,81,19
2019,786,5,113,Jm-0,Mono,High,38,17
2019,787,5,113,Jm-0,Mono,High,31,20
2019,788,5,113,Jm-0,Mono,High,72,18
2019,789,5,114,Jm-0,Mono,High,32,16
2019,790,5,114,Jm-0,Mono,High,45,25
2019,791,5,114,Jm-0,Mono,High,59,15
2019,792,5,114,Jm-0,Mono,High,54,25
2019,793,5,113,Jm-0,Mono,High,44,20
2019,794,5,113,Jm-0,Mono,High,43,21
2019,795,5,113,Jm-0,Mono,High,45,19
2019,796,5,113,Jm-0,Mono,High,48,22
2019,797,5,114,Jm-0,Mono,High,45,21
2019,798,5,114,Jm-0,Mono,High,55,17
2019,799,5,114,Jm-0,Mono,High,56,22
2019,800,5,114,Jm-0,Mono,High,64,13
2019,801,5,113,Jm-0,Mono,High,24,21
2019,802,5,113,Jm-0,Mono,High,32,21
2019,803,5,113,Jm-0,Mono,High,21,15
2019,804,5,113,Jm-0,Mono,High,22,16
2019,805,5,114,Jm-0,Mono,High,22,24
2019,806,5,114,Jm-0,Mono,High,57,19
2019,807,5,114,Jm-0,Mono,High,32,14
2019,808,5,114,Jm-0,Mono,High,62,23
2019,809,5,113,Jm-0,Mono,High,41,16
2019,810,5,113,Jm-0,Mono,High,32,20
2019,811,5,113,Jm-0,Mono,High,50,17
2019,812,5,113,Jm-0,Mono,High,50,23
2019,813,5,114,Jm-0,Mono,High,69,25
2019,814,5,114,Jm-0,Mono,High,40,18
2019,815,5,114,Jm-0,Mono,High,65,27
2019,816,5,114,Jm-0,Mono,High,111,20
2019,817,6,115,Bla-1,Mono,High,83,25
2019,818,6,115,Bla-1,Mono,High,38,20
2019,819,6,115,Bla-1,Mono,High,37,21
2019,820,6,115,Bla-1,Mono,High,68,20
2019,821,6,116,Bla-1,Mono,High,111,22
2019,822,6,116,Bla-1,Mono,High,42,18
2019,823,6,116,Bla-1,Mono,High,88,22
2019,824,6,116,Bla-1,Mono,High,82,25
2019,825,6,115,Bla-1,Mono,High,89,20
2019,826,6,115,Bla-1,Mono,High,127,29
2019,827,6,115,Bla-1,Mono,High,53,21
2019,828,6,115,Bla-1,Mono,High,75,20
2019,829,6,116,Bla-1,Mono,High,53,22
2019,830,6,116,Bla-1,Mono,High,56,26
2019,831,6,116,Bla-1,Mono,High,42,27
2019,832,6,116,Bla-1,Mono,High,70,20
2019,833,6,115,Bla-1,Mono,High,75,19
2019,834,6,115,Bla-1,Mono,High,109,27
2019,835,6,115,Bla-1,Mono,High,64,22
2019,836,6,115,Bla-1,Mono,High,50,18
2019,837,6,116,Bla-1,Mono,High,49,23
2019,838,6,116,Bla-1,Mono,High,49,20
2019,839,6,116,Bla-1,Mono,High,65,22
2019,840,6,116,Bla-1,Mono,High,44,22
2019,841,6,115,Bla-1,Mono,High,83,25
2019,842,6,115,Bla-1,Mono,High,62,30
2019,843,6,115,Bla-1,Mono,High,50,27
2019,844,6,115,Bla-1,Mono,High,80,20
2019,845,6,116,Bla-1,Mono,High,78,22
2019,846,6,116,Bla-1,Mono,High,54,20
2019,847,6,116,Bla-1,Mono,High,50,20
2019,848,6,116,Bla-1,Mono,High,10,19
2019,849,6,117,Bla-1,Mono,High,74,21
2019,850,6,117,Bla-1,Mono,High,63,20
2019,851,6,117,Bla-1,Mono,High,43,20
2019,852,6,117,Bla-1,Mono,High,83,30
2019,853,6,118,Bla-1,Mono,High,47,22
2019,854,6,118,Bla-1,Mono,High,103,23
2019,855,6,118,Bla-1,Mono,High,56,21
2019,856,6,118,Bla-1,Mono,High,24,20
2019,857,6,117,Bla-1,Mono,High,117,31
2019,858,6,117,Bla-1,Mono,High,58,21
2019,859,6,117,Bla-1,Mono,High,71,25
2019,860,6,117,Bla-1,Mono,High,105,27
2019,861,6,118,Bla-1,Mono,High,70,17
2019,862,6,118,Bla-1,Mono,High,41,19
2019,863,6,118,Bla-1,Mono,High,50,21
2019,864,6,118,Bla-1,Mono,High,68,20
2019,865,6,117,Bla-1,Mono,High,45,20
2019,866,6,117,Bla-1,Mono,High,46,23
2019,867,6,117,Bla-1,Mono,High,27,21
2019,868,6,117,Bla-1,Mono,High,NA,23
2019,869,6,118,Bla-1,Mono,High,31,22
2019,870,6,118,Bla-1,Mono,High,50,28
2019,871,6,118,Bla-1,Mono,High,48,20
2019,872,6,118,Bla-1,Mono,High,54,21
2019,873,6,117,Bla-1,Mono,High,59,22
2019,874,6,117,Bla-1,Mono,High,55,15
2019,875,6,117,Bla-1,Mono,High,114,26
2019,876,6,117,Bla-1,Mono,High,66,20
2019,877,6,118,Bla-1,Mono,High,127,31
2019,878,6,118,Bla-1,Mono,High,48,21
2019,879,6,118,Bla-1,Mono,High,70,15
2019,880,6,118,Bla-1,Mono,High,54,17
2019,881,6,119,Bro1-6,Poly,High,27,28
2019,882,6,119,Bla-1,Poly,High,56,25
2019,883,6,119,Bro1-6,Poly,High,30,14
2019,884,6,119,Bla-1,Poly,High,63,22
2019,885,6,120,Bro1-6,Poly,High,48,14
2019,886,6,120,Bla-1,Poly,High,70,20
2019,887,6,120,Bro1-6,Poly,High,31,15
2019,888,6,120,Bla-1,Poly,High,42,16
2019,889,6,119,Bla-1,Poly,High,51,20
2019,890,6,119,Bro1-6,Poly,High,37,17
2019,891,6,119,Bla-1,Poly,High,NA,15
2019,892,6,119,Bro1-6,Poly,High,43,20
2019,893,6,120,Bla-1,Poly,High,53,21
2019,894,6,120,Bro1-6,Poly,High,68,32
2019,895,6,120,Bla-1,Poly,High,43,18
2019,896,6,120,Bro1-6,Poly,High,43,20
2019,897,6,119,Bro1-6,Poly,High,24,12
2019,898,6,119,Bla-1,Poly,High,43,20
2019,899,6,119,Bro1-6,Poly,High,60,24
2019,900,6,119,Bla-1,Poly,High,64,21
2019,901,6,120,Bro1-6,Poly,High,62,25
2019,902,6,120,Bla-1,Poly,High,61,22
2019,903,6,120,Bro1-6,Poly,High,68,30
2019,904,6,120,Bla-1,Poly,High,54,15
2019,905,6,119,Bla-1,Poly,High,40,15
2019,906,6,119,Bro1-6,Poly,High,31,21
2019,907,6,119,Bla-1,Poly,High,54,22
2019,908,6,119,Bro1-6,Poly,High,46,20
2019,909,6,120,Bla-1,Poly,High,50,25
2019,910,6,120,Bro1-6,Poly,High,40,20
2019,911,6,120,Bla-1,Poly,High,44,21
2019,912,6,120,Bro1-6,Poly,High,15,22
2019,913,6,121,Bro1-6,Poly,High,54,23
2019,914,6,121,Bla-1,Poly,High,70,21
2019,915,6,121,Bro1-6,Poly,High,30,20
2019,916,6,121,Bla-1,Poly,High,57,20
2019,917,6,122,Bro1-6,Poly,High,56,32
2019,918,6,122,Bla-1,Poly,High,75,24
2019,919,6,122,Bro1-6,Poly,High,27,15
2019,920,6,122,Bla-1,Poly,High,32,20
2019,921,6,121,Bla-1,Poly,High,87,20
2019,922,6,121,Bro1-6,Poly,High,50,21
2019,923,6,121,Bla-1,Poly,High,83,21
2019,924,6,121,Bro1-6,Poly,High,43,30
2019,925,6,122,Bla-1,Poly,High,45,21
2019,926,6,122,Bro1-6,Poly,High,48,26
2019,927,6,122,Bla-1,Poly,High,55,20
2019,928,6,122,Bro1-6,Poly,High,23,12
2019,929,6,121,Bro1-6,Poly,High,24,22
2019,930,6,121,Bla-1,Poly,High,56,25
2019,931,6,121,Bro1-6,Poly,High,14,20
2019,932,6,121,Bla-1,Poly,High,37,26
2019,933,6,122,Bro1-6,Poly,High,84,20
2019,934,6,122,Bla-1,Poly,High,69,22
2019,935,6,122,Bro1-6,Poly,High,24,21
2019,936,6,122,Bla-1,Poly,High,45,25
2019,937,6,121,Bla-1,Poly,High,95,20
2019,938,6,121,Bro1-6,Poly,High,24,21
2019,939,6,121,Bla-1,Poly,High,68,24
2019,940,6,121,Bro1-6,Poly,High,21,22
2019,941,6,122,Bla-1,Poly,High,52,31
2019,942,6,122,Bro1-6,Poly,High,22,17
2019,943,6,122,Bla-1,Poly,High,45,24
2019,944,6,122,Bro1-6,Poly,High,38,18
2019,945,6,123,Bro1-6,Mono,High,54,20
2019,946,6,123,Bro1-6,Mono,High,32,35
2019,947,6,123,Bro1-6,Mono,High,24,15
2019,948,6,123,Bro1-6,Mono,High,30,23
2019,949,6,124,Bro1-6,Mono,High,15,19
2019,950,6,124,Bro1-6,Mono,High,16,20
2019,951,6,124,Bro1-6,Mono,High,29,21
2019,952,6,124,Bro1-6,Mono,High,34,18
2019,953,6,123,Bro1-6,Mono,High,29,20
2019,954,6,123,Bro1-6,Mono,High,23,13
2019,955,6,123,Bro1-6,Mono,High,22,18
2019,956,6,123,Bro1-6,Mono,High,22,19
2019,957,6,124,Bro1-6,Mono,High,23,17
2019,958,6,124,Bro1-6,Mono,High,29,22
2019,959,6,124,Bro1-6,Mono,High,34,18
2019,960,6,124,Bro1-6,Mono,High,20,20
2019,961,6,123,Bro1-6,Mono,High,50,20
2019,962,6,123,Bro1-6,Mono,High,9,18
2019,963,6,123,Bro1-6,Mono,High,21,21
2019,964,6,123,Bro1-6,Mono,High,27,20
2019,965,6,124,Bro1-6,Mono,High,19,22
2019,966,6,124,Bro1-6,Mono,High,19,20
2019,967,6,124,Bro1-6,Mono,High,11,15
2019,968,6,124,Bro1-6,Mono,High,21,20
2019,969,6,123,Bro1-6,Mono,High,21,20
2019,970,6,123,Bro1-6,Mono,High,18,13
2019,971,6,123,Bro1-6,Mono,High,40,12
2019,972,6,123,Bro1-6,Mono,High,25,13
2019,973,6,124,Bro1-6,Mono,High,13,17
2019,974,6,124,Bro1-6,Mono,High,16,19
2019,975,6,124,Bro1-6,Mono,High,30,23
2019,976,6,124,Bro1-6,Mono,High,11,13
2019,977,6,125,Bro1-6,Mono,High,38,17
2019,978,6,125,Bro1-6,Mono,High,29,25
2019,979,6,125,Bro1-6,Mono,High,43,36
2019,980,6,125,Bro1-6,Mono,High,43,35
2019,981,6,126,Bro1-6,Mono,High,29,30
2019,982,6,126,Bro1-6,Mono,High,50,28
2019,983,6,126,Bro1-6,Mono,High,20,21
2019,984,6,126,Bro1-6,Mono,High,24,14
2019,985,6,125,Bro1-6,Mono,High,40,17
2019,986,6,125,Bro1-6,Mono,High,22,19
2019,987,6,125,Bro1-6,Mono,High,37,15
2019,988,6,125,Bro1-6,Mono,High,42,32
2019,989,6,126,Bro1-6,Mono,High,17,22
2019,990,6,126,Bro1-6,Mono,High,18,15
2019,991,6,126,Bro1-6,Mono,High,27,20
2019,992,6,126,Bro1-6,Mono,High,31,15
2019,993,6,125,Bro1-6,Mono,High,57,27
2019,994,6,125,Bro1-6,Mono,High,56,33
2019,995,6,125,Bro1-6,Mono,High,9,17
2019,996,6,125,Bro1-6,Mono,High,15,32
2019,997,6,126,Bro1-6,Mono,High,18,12
2019,998,6,126,Bro1-6,Mono,High,14,13
2019,999,6,126,Bro1-6,Mono,High,26,19
2019,1000,6,126,Bro1-6,Mono,High,26,21
2019,1001,6,125,Bro1-6,Mono,High,26,19
2019,1002,6,125,Bro1-6,Mono,High,19,20
2019,1003,6,125,Bro1-6,Mono,High,47,29
2019,1004,6,125,Bro1-6,Mono,High,21,19
2019,1005,6,126,Bro1-6,Mono,High,28,17
2019,1006,6,126,Bro1-6,Mono,High,29,12
2019,1007,6,126,Bro1-6,Mono,High,31,21
2019,1008,6,126,Bro1-6,Mono,High,19,13